,symbol,kappa
0,Mn2Sc4Se8,1.46419
1,Ge1Ni2Zn1,2.85205
2,La6Ru8Sn26,0.689631
3,Ga1Pd2Sc1,2.43747
4,Ag2I2,0.562013
5,As4Co2,8.52199
6,Cu4Ni1Yb1,1.8199
7,Pt10Se8,1.33708
8,Cr4La4S12,2.92377
9,La8N4S6,3.15013
10,Cs3In9,0.36912
11,Re4S4Te4,5.67341
12,Cu4Sb4Se8,1.39627
13,Ag1Zr2,6.13645
14,Nb2P2,16.883
15,Ca1S1,14.7572
16,Ca4Ge4Ni6,3.49629
17,Cu1Hf1Hg2,0.638006
18,Ga4Ho2Pd2,2.78277
19,Ca2Ga4,3.93579
20,Cd2Er4Ge4,3.36541
21,S6Zn6,2.72643
22,Ge8,3.63824
23,Ho12Ru4,2.00312
24,Si2Th1,4.01412
25,Pb3Yb1,2.73178
26,Bi2Er6Mn1,3.3333
27,F9Y3,4.35946
28,Li2Se1,6.36615
29,As8Ga8,2.11284
30,Ir8Zr16,1.26678
31,As2Ba2Cu2,3.06018
32,Ag2Dy2Sn2,2.99707
33,Ce1Tl3,1.17159
34,C1Sn1,14.5718
35,Er1Hg2,1.9066
36,Cu36Ga16,0.657801
37,Ga3Ni5,3.28898
38,As1Rh2,8.29395
39,Cr3N1Pt1,3.6728
40,La3Sn7,1.48385
41,Cr2N6Sr6,4.60048
42,Cu2Nb8Si2,8.36711
43,Sc4Te4,2.67267
44,Pd1Zr2,8.32751
45,Mo2P4,22.4828
46,Bi2Ho6Rh1,2.03229
47,Rh1Y1,8.35667
48,Co4Er4Ga4,1.71742
49,C3N4,89.9282
50,O4,6.85764
51,Al2Cu2O4,8.57476
52,B28,37.9524
53,Au2Ta6,4.16073
54,Al3La1Pd2,5.23183
55,C1In1La3,5.83217
56,Al4Se8Sr2,2.49112
57,Ge6Rh10,2.60458
58,C1Er1Rh3,7.84537
59,Ga4La4Pt4,0.929383
60,Rh4Sb12,2.2737
61,Co8Ge26Lu6,1.69309
62,Nb2Pt2,9.63607
63,F12Na4Zn4,1.66288
64,Ca8H4N4,4.85686
65,Mn2Te2,2.37687
66,Dy2S4,6.01284
67,Ba1O3Pu1,7.02168
68,Ir4Zr12,1.15839
69,Au2Nb1,4.78683
70,Ni3P3W3,5.2733
71,Ir4Si4Ta4,8.97583
72,B8Fe4,31.7093
73,La1S1,9.21122
74,Br1K3O1,1.29405
75,Ga2P2,8.29456
76,Au4In8Na12,0.158287
77,Al1Pt3,4.24404
78,Li3Sb1,4.4981
79,Ba2Be4N4,8.3683
80,Ba1Fe1O3,7.22743
81,Cl16Hg12O4,0.354789
82,Sb1Tl1,1.47991
83,Dy2Pd2Sb2,2.45128
84,Cd2Cu2F8,1.73266
85,Au2O4Sc2,2.75783
86,Pb4Sr8,0.813002
87,Ag1In5Te8,0.817938
88,Mn2Si2Y1,8.16405
89,Al40V4,1.54549
90,F3Na1V1,2.63938
91,La4Sb2,3.53311
92,P1Sn1,7.19408
93,C1Ce1,28.801
94,B1In1Sc3,11.883
95,Pt1Sb1Tb1,5.66714
96,B1C7,145.22
97,Fe4Si4Ta4,6.57721
98,Hf3Rh3Sn3,2.84684
99,B4Nb6,26.7366
100,O3Re1,21.7342
101,Er3Pd3Sn3,1.82966
102,Hf2Si4,13.8866
103,C4Os8Zr16,3.71596
104,Ag2In1Y1,1.15397
105,Nb1S4Tl3,2.40303
106,P4,24.2209
107,Ge4Ir4Mn12,2.16236
108,B2Mg16Rh8,1.44628
109,Hf4P4,9.63376
110,N4Ni8Ta16,4.82
111,O8Pt6,1.8683
112,Ga4Ir4Y4,1.32207
113,S12Y8,3.30379
114,Hf4Pt12,3.58083
115,Al36Mg6Mn4,0.845425
116,In1P1Pt5,2.67249
117,C1Zr1,9.29651
118,Ir1N1,2.76067
119,Co4Sn4Tb4,2.79122
120,Cd6Ho2,1.28213
121,Zr2,14.7003
122,C6Si6,34.5239
123,Na1O3W1,13.6807
124,C2Cu1Rb1,4.80304
125,Co4Sb12,2.60437
126,La1Te1,7.41475
127,Li2Pd1Sb1,1.72066
128,Ge4Rh8,2.8744
129,Ge4Pt4Y4,2.96414
130,Ru4Si4Ti4,8.77734
131,F14Sr4Zn3,1.38888
132,B2Ge6Ta10,6.25204
133,Te2V2,3.95089
134,Al1Ba1Si1,7.98932
135,In3Zr1,5.45224
136,Ru8Sc4,1.16162
137,Al6Hf2,10.4611
138,Mg4Se8,2.44329
139,Cu4In1Tb1,3.18707
140,Gd2O8V2,5.37694
141,As1U1,0.781781
142,B4Mo4Nb2,21.3483
143,Al1N1,106.722
144,Au2Ge2Tb2,3.20744
145,Al1Cr1Cu2,3.62766
146,La1Pt5,3.7594
147,Li2Ru2Sn8,2.32989
148,Dy2Tl2Zn2,3.03407
149,As2Hg2K2,1.04089
150,Hg1Li1,1.19085
151,O3Rb1U1,10.1735
152,Al14Th4,3.38768
153,Al1Ru1,25.7684
154,Pt3V1,6.02183
155,Mn4Te8Zn2,0.234734
156,Rh4Sb8,3.04865
157,Rh4Si4,6.35458
158,Ge4La2Rh2,3.12372
159,Na2Pt4,3.77908
160,Cl4K2Pd1,1.18727
161,Ce4In2Pt4,1.90286
162,Ba1Ge3Pt1,3.12221
163,Ga2Y2,8.33868
164,Cd4Dy16Rh4,1.28642
165,Ba1O3Ti1,16.6821
166,Br6K2Re1,1.00021
167,Dy2In2Zn2,4.01433
168,Cd3I6,0.625531
169,Co1Nb1Sb1,9.98823
170,Ru8Sn12,2.20135
171,Li40Pb12,0.411493
172,Al4Ba1,4.98715
173,B2Zr1,88.4071
174,Al1Au2,0.961978
175,As16Mg24,1.12848
176,Ir1Mn1Sb1,3.68016
177,Ga3Hf3Rh3,3.55866
178,B2Hf1,75.6007
179,Ba6Pb10,0.570515
180,Ho6Tl10,0.439519
181,As1Cd1Pt5,2.28711
182,P12Ru4,9.26468
183,Ge4N8Si2,16.2028
184,C1Ni3Zn1,2.98737
185,Al4Ni2Y2,6.69616
186,Os4Te8,4.58186
187,Ba1O4S1,5.87666
188,Ca6Ge26Ir8,1.21055
189,Pd4Sn4Y4,1.63572
190,O4Os2,10.2115
191,Ca1Pd1,4.19746
192,Ir4Nb4Si4,9.67596
193,Si4Zr2,17.8111
194,Na6O9S2,2.77532
195,Ir1Si3Y1,8.63011
196,S1Tb1,9.54719
197,Al2Pd5U1,2.60759
198,Au4Bi2,0.848172
199,C4Cr2Sc2,25.97
200,Pd6Si3,2.03844
201,Co2Zr4,3.04521
202,Au2Er2Sn2,2.72302
203,O4S4Zr4,5.46648
204,Pa2Sb4,3.71887
205,Te4Y2,2.86735
206,Pt4Si4Th2,4.2788
207,Rh3Th1,3.94551
208,Dy4,5.71828
209,Ce2O4,6.72636
210,C1Ho1Rh3,7.8111
211,Be6P4,16.5215
212,Os1Ti1,35.3901
213,In3Pt3Th3,2.16296
214,Be26Hf2,14.1184
215,Mg2O2,10.5539
216,C2Sn2Ti4,12.4211
217,Mo6Sb14,2.17027
218,Ir3Ta1,26.255
219,Ir8Sn26Yb6,0.417524
220,Au8In8Sr4,0.217179
221,Au4Sb8,0.608544
222,Al1Os1,24.8158
223,Ba2Cd1,1.90106
224,Nb4Pd4Si4,5.55734
225,Ni2Sn1Ti1,4.8569
226,Cs1,0.196911
227,Co4Dy4Ge4,10.4245
228,Au1In2,0.950417
229,He8Ne4,0.0423603
230,Ir1Si3U1,6.5399
231,Ge8,3.20529
232,Ca1Ga2,5.45889
233,As2Au2Ca2,2.34639
234,B2Co2Y1,26.3414
235,Nb6Os2,9.07991
236,F5U1,8.01631
237,Mg1Tb1,6.64981
238,Co2Ga1Mn1,4.26312
239,Ba2Te6,1.91526
240,Br6Ca2In2,0.519143
241,C60Sr6,5.74134
242,Al4Yb2,6.13651
243,Er4Ga4Pd4,0.998863
244,Bi10La6Sc2,1.08569
245,Ba1O3Sn1,7.688
246,Mn4Ni4Si4,2.69993
247,Nb3Re3Si3,12.8124
248,La1Tl1,1.83084
249,Au4Ho8,0.971274
250,Be1Rh1,20.5245
251,B4N4,22.6644
252,O8Si2Zn4,6.99851
253,Au1Yb1,0.915115
254,Ni4P4S4,5.28631
255,N8O4,5.12946
256,Fe1Ga1Ni2,3.80415
257,As8Th4,3.62787
258,Ho16O24,2.16045
259,Au1In1Li2,1.06687
260,Ca4Ge4Mg4,3.84284
261,Au4Ca4In4,0.569401
262,Er1Pd1,4.43326
263,Na2Nb2O6,18.5039
264,Pd2Sb2,1.7239
265,B12H12Tl2,1.89286
266,Ge4Hf4Pt4,4.03581
267,Si6V3,10.2546
268,La2Rh4,3.44221
269,Pd2Sc1Sn1,2.92126
270,Mg1Ni2Sb1,3.62403
271,Cs1F3Pb1,1.12304
272,Cu2Zn1Zr1,4.03791
273,O12Rh4Tb4,3.24417
274,Na4S4,2.04933
275,Ti1Zn3,3.75237
276,Pb1S1,6.10266
277,C1Ru3Th1,13.4629
278,B2Mn1,113.623
279,Cu2Er2Si2,7.74222
280,Br2In10Se10,0.737562
281,C1Si1,60.7937
282,In4Ir4Tb16,1.7586
283,As2Ba1Ru2,6.72884
284,Cd33Na6,0.168069
285,Au1Pb1Y1,2.82587
286,Ag2Ge1Li1,1.19221
287,Ir3V1,27.5918
288,Hf4P4V4,9.47271
289,Cl6K2Re1,1.73555
290,Sn4Tb2,3.34686
291,Ir1Sn2,2.16977
292,N1Ta1,48.3542
293,Br4K2Pd1,0.746429
294,Ge8W4,7.78612
295,Co4Ge4Mn4,5.05431
296,Ir8Sc22,1.64529
297,Ag2Bi2K4,0.517687
298,Cu2Dy1In1,3.50893
299,Al1Li2Pt1,3.94679
300,Dy1Zn1,7.77467
301,Ba2Pd2,1.4559
302,C2In2Nb4,14.7137
303,C4Co2Sc2,16.7319
304,Al12Tc2,7.34628
305,Bi8Ir4,1.98503
306,Al2Au1,2.98829
307,Ir4Sb12,2.72767
308,Cd1Pd1,3.31255
309,Ni2Tl2,1.21583
310,Cu1Ti2,15.9117
311,C1Y1,19.4086
312,Rh4Sb12,2.275
313,In1Ni2Sc1,6.19793
314,Ba1O3Pb1,5.00562
315,Mg2Pb1,2.85965
316,Li1Tl1,1.49571
317,In1Pt4Tb1,2.76246
318,Ag2O4Sc2,2.61324
319,O1Pb1Yb3,3.88396
320,Ba2O2,3.25459
321,Ge4La4,4.11553
322,Cd1Cl8Na6,0.712819
323,Ge4Rh4Ta4,5.43679
324,Os4S8,8.91592
325,B1Be2,79.8454
326,Rh3Sn3Th3,3.16686
327,La1Rh2Si2,11.9998
328,Se4Tl4,0.707499
329,Co2Te4,2.74201
330,Ca2Pd4,2.24617
331,Ho3In3Pd3,1.34196
332,Au16Zr4,0.663948
333,La1Rh1Si3,8.32496
334,Pd2Si2Yb1,3.3065
335,Bi8Cu8Mn6,0.884624
336,Pt4Sc2Si2,4.53147
337,Cd1Se1,2.03323
338,Pd4Sb4Sr2,0.654346
339,Ga4Pd4,1.87426
340,N1V1,78.8914
341,Gd1O1,10.6193
342,Na2Nb2S4,8.20829
343,Ni2Sn1Zr1,4.99108
344,Fe4Hf4P4,5.44303
345,P12Tc8,9.21768
346,Be26Ce2,13.9062
347,Au1C2K1,4.92026
348,Cu2O2,1.43012
349,Si6Sr10,1.99372
350,In1Pd3,2.57066
351,K5Sb4,0.771061
352,C1Rh3Y1,8.19898
353,C4Mo16Ni8,5.36763
354,In1Mg3,2.0439
355,Be1Pd1,4.89646
356,Au1Mg1,3.09628
357,Co4Sb12,2.60821
358,Pt1Ti1,2.13336
359,Fe4P4Zr4,6.81398
360,As1Zr1,14.9441
361,Th1Zn4,4.22784
362,Se1Tb1,4.93335
363,Nb2S2,16.6184
364,Pd2Ta1,7.50289
365,N4Re2,25.0373
366,Ge2P4Zn2,5.07817
367,Er10Ge6,3.87765
368,Sn1Te1,5.36039
369,Dy1Ru2Si2,12.8768
370,B2Ce1Ir3,9.95806
371,Ag1Au1Zn2,1.08876
372,Ba1P2Rh2,7.68038
373,P2Sn6Zr10,4.87582
374,Cl1Rb1,0.837648
375,Ba1Pt1Sn3,1.52975
376,Bi4Rb12Se12,0.365827
377,Hf1Ru3,12.5399
378,Dy2Ga2Zn2,6.08711
379,Ag36In16,0.205451
380,P2Ru2Y1,16.3747
381,Ho4O14Sn4,4.25834
382,Fe2Ga1V1,23.2164
383,C2Ga2Ta4,13.4218
384,C6Ir10,2.33863
385,Ce4Os8,1.30507
386,Al1Li2Pd1,2.80602
387,C1Mn3Sn1,11.2367
388,Rh4S8,1.94679
389,C1Pt1,3.85442
390,C6N8,61.2345
391,Mg4O8Sn2,4.63605
392,Au1C2Li1,6.58631
393,Ag2Bi2Yb2,1.2386
394,B16C8Sc8,15.3997
395,Pt2U2,1.77279
396,Fe4Nb4P4,12.8386
397,Ni4Si4,3.41492
398,Co2Ga1Ti1,31.807
399,Bi6Tb8,1.15816
400,In1Ni1,5.21338
401,Hg1Sr1,1.92926
402,F3La1,3.49061
403,S4Zn4,3.51418
404,Bi4O14Sn4,2.57219
405,Ce4Os8,1.24431
406,Ni1Sb1Tb1,8.36286
407,La3Sn1,2.63259
408,B2F10Li4,4.24081
409,Cr4O12Te2,6.43882
410,Br2Cu2,1.07008
411,La10O3Si8,3.21651
412,Ca4O12Rh4,3.53915
413,Cu2Zr2,3.10384
414,Au1Er1Ni4,3.82708
415,Ba4P4Pt4,1.41081
416,As4Nb4Ni4,4.31348
417,Si2Y2,15.8899
418,B4Sc2,31.5851
419,Dy3In3Ir3,1.83382
420,Li84Si20,0.728999
421,O24Se8Sn4,1.74422
422,In1Sr3,1.33098
423,Ga2O12Y6,4.24501
424,Cu3Te4V1,2.49759
425,Ba1Pd1Sn3,1.40064
426,Au1C2Rb1,4.06764
427,Be2N4Si2,41.6612
428,Al1Tb1,9.82754
429,B1Hf1,27.0666
430,B8W4,22.5317
431,Cd2Ge2Sr1,0.614525
432,S2Zn2,5.45186
433,Er1In3,2.52106
434,Hf2W4,12.0792
435,Br9Rb3Sb2,0.505013
436,C4Nb8,15.642
437,As1Ho1,14.6724
438,Ge2Ho2Sn2,3.94743
439,Pt2W1,14.6489
440,Ce1Te1,4.01069
441,Mg4Pt2,4.49778
442,B6Os4,19.4407
443,Au1Dy1Pb1,2.63378
444,H1Rh1,10.0807
445,Fe8W4,3.29329
446,Mo1Zn7,2.89929
447,Sn3Y1,1.20763
448,As4O12Sr2,3.96712
449,Ca3Cd3Sn3,1.45146
450,Au24Ge8Na8,0.217615
451,Ho1Ru2Si2,12.6234
452,Au3Cu1,1.63267
453,O8Si2Zr2,11.6101
454,Ir1V1,17.3302
455,C2O4,13.3189
456,Ba1Mg2Si2,6.89108
457,Cd1Cu4Er1,2.58204
458,Ag2Y1,2.25299
459,As4K12Se12,0.46922
460,Au4Yb4,0.876301
461,B2Ta2,44.0279
462,C4Ir2,8.17866
463,As2Sr4,3.18423
464,C2In2Zr4,13.5954
465,Ru1Sb1Zr1,6.76133
466,Ba1Ge3Ir1,4.27227
467,In4S10Zn4,1.46726
468,Ba2H2I2,1.17032
469,Ho1Te1,3.6382
470,Au2Sn2Tb2,2.27551
471,N4W3,7.69534
472,N3Tc3,19.6203
473,Ge2Ho1Pd2,2.3348
474,Au2In1Th1,0.595008
475,F3Sc1,7.78231
476,Pt4Sc4Si4,4.11265
477,Dy1Ga3,3.76552
478,Ir2N2,5.74304
479,B1Rh3Zr1,11.7181
480,Pb2Sr2Zn2,2.09338
481,Ca2O2,6.46607
482,Al2Ge2Y2,7.4396
483,In1P1,6.5522
484,Pr1Tl3,1.08623
485,Ag2Zr2,4.37408
486,Be26Lu2,12.6346
487,Al2N6Ta8,6.4634
488,Cs2O12Te4,2.95947
489,Al2Dy2Zn2,6.97469
490,As1F6Na1,2.43343
491,Cs2Cu2O4,1.45598
492,Ge4Rh4Tb4,2.83128
493,O12Se4Sr4,1.96625
494,Cd2Sc4Se8,1.30609
495,Er3Rh3Sn3,2.58048
496,Cd1Dy1Ni4,2.66903
497,Hg1Te1,1.0645
498,Tl3Yb1,0.220066
499,Ca1Rh2Si2,12.5234
500,C4Si4,44.7162
501,Sb6Zr6,4.94251
502,Cl2F2Yb2,2.16643
503,Ho2Pt4,4.40013
504,Ni12P7Yb2,2.20535
505,Pt2Zr2,5.84434
506,Ba1Hg1,1.5592
507,Ge2Mg2O6,4.25803
508,N3Re3,17.7863
509,Er4In2,2.7617
510,La4O4Se3,3.2937
511,Cs2I6Pd1,0.455577
512,Co1Si2,10.4523
513,Cd2Ho4S8,1.58386
514,V4Zr2,0.256097
515,Gd8S12,2.72927
516,C60K6,6.19389
517,Cl2Mg1,4.94904
518,Er10Sb6,1.78478
519,O6Pt3Zn1,3.12374
520,Er3In3Pt3,1.40254
521,C2Si2,70.3929
522,Ni6Ta2,5.7656
523,Ge6Ir7Yb4,3.44758
524,Ca2Zn26,1.02746
525,Cu18Ga15Mg6,0.656778
526,S12Sn2Ta6,5.03231
527,Si4Ti4,13.932
528,B2Pt2,3.94053
529,O10Ti6,5.9605
530,Cd24P16,0.495852
531,B1Rh3Sc1,12.0816
532,O4W2,19.1694
533,N4Se2Zr4,8.2412
534,Cr4Cu2Se8,0.888126
535,O3Sr1Ti1,21.4744
536,Dy1Ge2Ru2,7.2577
537,Pt8V1,2.45724
538,In4Mg2S8,1.53715
539,F12Li2V4,2.58142
540,Ag1Cd1,0.614437
541,Ir6Si2,7.52045
542,Ru4Sn6Y1,2.99179
543,K4O6Pb4,1.62271
544,Dy3Rh3Sn3,2.25861
545,Ho2Si2,12.191
546,In16O24,1.63955
547,Cd4Sb4Tl4,0.358543
548,Mg2Pd4Tb4,1.57878
549,Ir1Sc1,16.4668
550,Hg3La3Pd3,1.08301
551,Pd8Se2,1.14176
552,Bi4K12Te12,0.329715
553,B2Cr1,40.0569
554,Ge3O9Sr3,2.89562
555,Au1Ho1Sn1,3.36219
556,Ge4La2Pd2,2.76972
557,Gd4O14Sn4,4.03794
558,Er3P6Pd20,0.646428
559,Ag4As4S4,0.708433
560,Ir4P4Se4,6.81382
561,Mo2Ni2P4,12.1749
562,C4Ni8W16,5.41372
563,H30Th8,1.14735
564,Bi4Ga4O12,3.34915
565,B6Tb1,14.1624
566,Ge4Ir4Y4,2.33309
567,Au2Ca1Si2,2.55545
568,Cu2F6K2,2.44734
569,Ge4Ho4Ir4,3.75018
570,Hf4Ni4Si4,7.97061
571,Hf2La6Sb10,1.81641
572,Re3Si3Ti3,14.4911
573,Ce2,3.50088
574,C1Ca1Pd3,0.884144
575,Li1Pd2Tl1,1.6241
576,Cu4Ho4In2,1.73221
577,Dy4Si4,7.70706
578,Rh3Ta1,19.2166
579,N12Rh4,13.6278
580,Re8Sc4,4.64636
581,O2Th1,15.0171
582,Ag2Cl2,0.491672
583,As1Mg1Pt5,3.24756
584,As2O8Tb2,4.84113
585,Yb1,4.4612
586,Ag4Al4O8,2.40141
587,Dy12Rh4,0.729881
588,La8S12,2.1284
589,Ni1Si3Sr1,7.95615
590,Er2Ge2,7.60724
591,Ag3Ge3Tb3,1.04216
592,C21Si21,14.8129
593,Lu4Mn2S8,3.82868
594,As12Co4,4.54874
595,Rh1Sc1,15.2579
596,Ba6C60,6.66387
597,B14Mn2Y6,14.9724
598,Cd1Cu1Sb1,0.208748
599,Al2B2Ru3,10.5047
600,Cu2Ga2Te4,1.366
601,B1Tc1,56.7175
602,B2Sc1,90.2972
603,B1Pb1Sc3,12.9809
604,Dy3In1N1,8.94321
605,Au2In1Ti1,0.768261
606,As2C2V6,6.85339
607,Ce4O28P8,1.94692
608,Hg4Pt1,0.84306
609,Cu2Si2Y2,8.86952
610,Rb4Te2,0.393993
611,C1Ir1,13.4162
612,Cu2Dy2Pb2,3.30965
613,Co3Hf3Sn3,2.10972
614,C2Ho1,10.7218
615,In1P1,5.90485
616,Cu1Mg1Sb1,4.30762
617,Ru2Sb4,7.82372
618,As4Na12S12,0.917617
619,Dy1In1Pt4,2.81977
620,As4Ge2Zn2,3.16403
621,Fe1O3Sr1,8.0483
622,Cs1K2Sb1,0.798508
623,Er16O24,2.30729
624,Nb2Pt6,4.51993
625,Au8Er8Sn4,0.860742
626,Si2,26.1868
627,Bi1Tb1,6.57409
628,Ga3Pt2,1.85892
629,Th1Tl3,0.823113
630,Ir2Pb2,3.13362
631,B8Ir4Mo8,8.03588
632,Ge6Ir7Sc4,5.19592
633,Ir2Sn8,1.871
634,Ca24N16,1.73153
635,Ni3Pd3Si3,3.53118
636,Te1Zn1,3.84629
637,F3K1Ni1,4.1857
638,Al2H8Na2,3.87583
639,C14Si14,19.3853
640,Hg1Y1,3.12497
641,Er1Rh1,8.00106
642,Al2Li1Pt1,7.86111
643,Ho1Rh3Si2,11.1814
644,Ag2Er2S4,2.5908
645,N4Nb16Ni8,5.45131
646,La1Ru2Si2,15.8371
647,Sb1Th1,4.60296
648,Ba1Se1,4.57279
649,In3Tb1,2.81461
650,Mg4Pt2Si2,4.68716
651,Bi8Th6,1.65371
652,Al8Sb8,1.94949
653,Ge6Lu4Ru7,4.11623
654,Bi4Pt4Se4,1.11989
655,Co4O14Sb4,3.85683
656,Si4,16.4375
657,Nb1Ru1Sb1,11.4835
658,Ge6Ho4Ir7,4.69782
659,Br1Li1,2.24885
660,Ag2Br2,0.46751
661,Ho4Ir4Si4,5.10476
662,Mo4Si4Zr4,10.5704
663,Ag2Ba1Sn2,1.33135
664,Cd2N2,2.237
665,Nb1O3Sr1,11.4654
666,B3Pt6Y3,2.7724
667,C2Cr4Ga2,4.27086
668,Nd1Pd3,4.34571
669,Be1Se1,23.4286
670,Dy4Hf4O14,5.90862
671,Al1La3N1,7.41522
672,B8Dy2Rh8,4.80935
673,Ag3As3Ca3,2.54784
674,As3Cr3Ni3,3.33409
675,Bi2Pt2,0.882094
676,Ga1Li1Si1,8.51019
677,In2Li2O4,7.31391
678,B8Dy4Os4,9.13928
679,Ag4Sr2,0.87585
680,Ir4Th2,6.02065
681,Rh4Sb12,2.27515
682,F4Pd2,1.67099
683,Ni1Sc1,10.4509
684,Ag1Ho1,3.79173
685,As4Ge3,3.68437
686,Lu4Mg2S8,2.60112
687,Hf4Pt4Si4,6.18341
688,Ag2Er1In1,0.905129
689,Cu4In1Sc1,4.03299
690,C2Ge2V4,15.6237
691,C1Cd1,2.96884
692,Ca6Cr2N6,6.09239
693,Os4P4Zr4,8.46697
694,Ag8Sr8,0.530057
695,Ge4Hf4Ir4,5.28561
696,O1V1,25.0924
697,Mg1O1,44.6395
698,K6Se6,0.628184
699,Ga2Pt1,0.440446
700,Cl3Mn1Tl1,1.28891
701,Ba1Li1Si1,4.26982
702,Sb8Tb4,1.9415
703,C2La1,10.265
704,La2Sn4,2.25092
705,Al1Tc2,24.9752
706,In2Na10O8,1.32893
707,Li8Mg4Si4,3.83951
708,B1Ho1Rh3,9.80238
709,N1Na3,1.91205
710,Al2Co1Zr6,7.86888
711,Ge26Rh8Y6,1.77998
712,N8Si6,21.8677
713,Hg1P1Pt5,1.87905
714,C1Sc3Tl1,14.2133
715,Cu2Ho2Sn2,4.46413
716,Ba6P8,1.77483
717,Li2S1,9.92894
718,Al4Cd2Se8,1.51157
719,Pt4Sb4Se4,1.57388
720,Sb1Tb1,9.38265
721,B6H24Y2,3.08241
722,Pd3Sn1,2.87894
723,Er1Ni2Si2,8.87981
724,In2S4Tl2,1.59398
725,Ru8Si12,6.94535
726,Al3Nb1,27.4304
727,O28P8Si4,8.01906
728,Al1Ti1,20.0674
729,Co4P12,8.88978
730,Al6C8Zr4,16.2974
731,Au2Sn2Y2,2.30734
732,Ge12Ir8S12,1.87931
733,Pd4Sb4Se4,1.24442
734,S4W2,17.3128
735,Co4P12,8.87044
736,Al8C4Nb12,8.56073
737,Ni2O2Zr6,6.3661
738,As2La1Ni2,6.61124
739,Al1F3,17.2537
740,Rh2Si2Th1,12.4583
741,Bi4In4O12,2.26327
742,N2Re2,29.4751
743,Pd3Pu1,2.3161
744,Ca2Si4,5.56924
745,Na4Ni2O4,2.61306
746,Te2Zr2,7.39445
747,Bi2Co1Hf6,5.21133
748,Ho2Mg2Sn2,4.42545
749,P2V2,17.8514
750,Ge2,5.27108
751,Cu2Sb2Yb2,2.9805
752,Nb1Rh1Sb1,5.15086
753,O24Tb16,2.05475
754,Si4Th6,4.30489
755,Ga1P1Pt5,2.99711
756,Au1Pb1Tb1,2.72298
757,Cu2In1Ti1,4.08727
758,Ho1Ir2Si2,14.2106
759,Mn4Si4Tb4,5.22674
760,La3Pd3Tl3,0.836206
761,B8Th2W2,19.3883
762,B4H16Hf1,13.1745
763,Au1Li2Tl1,0.34524
764,In1N1,18.5531
765,Pd6Tl2,1.28457
766,H2Ti2,9.50856
767,Er1Hg1,2.48399
768,H2V1,15.6993
769,Mn1,20.9082
770,Rh4Sb4Se4,3.48454
771,Ca1O3Zr1,15.2909
772,I2La10Sn6,1.59877
773,La1Tl3,1.21099
774,Ga6Hf6Pt6,3.01923
775,Cu6Se4,0.738414
776,Co3Ge3Ti3,8.03578
777,Ge4La2Pt4,1.88749
778,Ru2Si2Y1,14.3409
779,Ir4Sc2,9.28595
780,Si2Zr2,21.6445
781,Ge3Pu1,3.54769
782,Ca24N16,1.71879
783,Ge8Y6,3.84335
784,Pt2V6,9.42643
785,Gd1Mg1,4.67375
786,Ca1H3Rb1,3.18739
787,Ti1Y1,7.63154
788,Al2H8Th4,3.2761
789,C1Ge1,45.5096
790,Cs3I9Sb2,0.394267
791,Al8Mo3,12.8291
792,Bi1,3.10233
793,Ba1O3Pb1,0.724576
794,Mo6Si2,14.8
795,Hf4Rh4Si4,7.28241
796,Ga1Li2Pd1,1.88047
797,Se4Ta2,6.44517
798,Pb2Th2,2.04598
799,Ge3Os3Sc3,8.99117
800,Cd4Nb4O14,2.66189
801,B1La1Rh3,5.12828
802,Cs2Cu2F8,0.756474
803,Cl1K1,1.2452
804,Hg1Ho1,2.46276
805,Pt4Sr2,2.73477
806,F3K1Mg1,5.14335
807,Al16Pd7Zr6,3.76232
808,Mn1Pt1,6.61807
809,Cd4O8Sn2,1.9816
810,B8W4,22.5661
811,Na4O12Sb4,4.1828
812,F4Si1,23.3813
813,Ba1Pt1Sb1,2.28195
814,Co2Se2Tl1,0.734211
815,Ca1Tl3,0.4396
816,S4Y2,6.83192
817,C8Dy8Re4,5.89855
818,Cr1Rh3,13.6772
819,Cu4Ge4Zr4,4.53258
820,Au3Cd3La3,0.535871
821,Be26Zr2,16.0662
822,Cl10Cs2Pb4,0.644584
823,Ge4Mn4Yb4,2.27954
824,Ho1Pt3,4.39442
825,La2Pd2,2.22592
826,C8,62.609
827,Al4Sr2,5.50233
828,Ir4Lu2,6.90356
829,Co1Sb1Ta1,9.65301
830,Er2H2,9.4282
831,Ca2Sn2Zn2,3.43171
832,Co2Si1Ti1,6.29005
833,Dy2Si2,12.3647
834,C1Hf1,6.91025
835,Sc2Si2,17.6847
836,Cl1Cs1,0.470616
837,Ge4N8Sr8,2.48757
838,Ce1Se1,11.9189
839,Ho1Pt1Sb1,5.79693
840,In2Sc6,5.43107
841,Rh3Ti1,16.8462
842,Fe2In1Ti1,12.45
843,Hg2La1,1.39155
844,O8Sn4,3.02075
845,Ho5S7,3.41049
846,Ca4Mg8,2.122
847,Dy4Rh6Sn10,1.19701
848,Ge4Rh4Tb4,1.97505
849,Pd4Sn4,0.677527
850,Cu4Ge4Hf4,3.76841
851,In2Li2Te4,0.989041
852,In2Th4,2.32997
853,S1Yb1,10.6078
854,Nb6Sb2,9.169
855,Cl6Rb2Te1,1.0914
856,Ge4La1Rh6,4.09818
857,Hf10Sn6,2.12168
858,Cu4Sb2,1.88495
859,Hf1N1,9.42413
860,Ga1La3,1.53473
861,Ba1Ga2,3.27235
862,In1P1Pd5,2.42942
863,Cl6Te1Tl2,0.788915
864,Er4Pt4Si4,3.72015
865,O1U1,12.2363
866,As1B2P1,43.4143
867,Ge4Ir4Sc4,4.66716
868,Bi1In1,1.68229
869,Hf4Ho4O14,5.91332
870,Mg1Te1,2.68598
871,Mn2Nb6S12,5.93815
872,Mn2Si2Tb1,6.4601
873,Ni1Sb1Zn1,2.97314
874,Bi1N1Sr3,4.97795
875,Rh6Th14,1.177
876,Pt3Yb1,2.40977
877,Ba2Cd2Ge2,2.01508
878,Pb2Se4,1.55008
879,As1Y1,16.4124
880,Mn2N6Sr6,1.70322
881,F8Pd4,1.51782
882,Pt2Ti6,6.29015
883,Fe2Si2Tb2,8.52781
884,I1K1O3,4.97774
885,C4,116.901
886,Ge1Mn1Pd2,1.79043
887,Au7I1P10,1.10904
888,N4S2Zr4,8.86859
889,Dy2Si4,1.82052
890,Ge26Ru8Tb6,1.34353
891,Ni2Sb1Ti1,3.79611
892,Ho1Os2Si2,11.827
893,Ca1Pt5,3.9238
894,Cu3Pt1,3.10191
895,F4K2Mg1,2.67417
896,B6Nb4,31.8674
897,Ce1Se1,6.16872
898,Nb6Tl2,2.32625
899,Ba2Br2H2,1.23482
900,Al4Dy2,9.50178
901,F1Rb1,0.943421
902,Ge3La1Rh1,4.82565
903,Ho2In2Zn2,3.84946
904,S1Zn1,8.40003
905,Ho3In3Pt3,1.52288
906,Dy1Ni1Sb1,8.50417
907,Ni1Sb1Ti1,8.30773
908,C1Si1,113.193
909,Be4N4Sr2,11.6807
910,N2Re4,19.8108
911,Ru1V1,10.2948
912,Zn1Zr1,12.747
913,Ge2Rh2Th1,7.24746
914,Cu2Sb2Yb2,3.08599
915,Ho1In1Pt4,2.78102
916,Ga1Ni3,2.53251
917,Al2Se4Tl2,1.81809
918,Ir1Ti1,18.5368
919,La1Zn5,2.54684
920,Cl1K1O4,3.59182
921,Bi4Pd4Te4,0.813256
922,In1Pd2Sc1,3.73186
923,Re8Zr4,2.98482
924,C1Tc1,2.60769
925,Ir3Te6,3.52419
926,N3Ta1Th1,20.6636
927,Al3Pt3Zr3,3.28246
928,Si2W1,44.8416
929,Er1In1,3.64419
930,C1Dy3Pb1,7.24807
931,Ir4Sb12,2.73054
932,Pd1Sc1,6.31669
933,Sn3Tb1,1.14172
934,Na2O4,3.22926
935,Ge4Ni4Ti4,5.88159
936,Cs2Fe2O4,1.23136
937,Dy1S1,9.67909
938,Ge4Pt4Se4,2.96155
939,Hf2Zn4,5.99976
940,Er4Ge4Rh4,3.00239
941,Pd3Sc1,6.00566
942,B1Er1Rh3,9.82296
943,Bi4Rh4S4,2.81201
944,Cr3Ge3Nb3,7.25123
945,N8Sn6,3.9528
946,Dy3Ga9Ru3,2.9415
947,Ba1Cu2S2,2.69242
948,Fe2S6Ta9,4.48893
949,B2Ho1Ru3,8.42641
950,O12Ta4V2,6.97398
951,Mo6Pt2,5.3336
952,Ni2P2Zr1,5.29279
953,F4V2,3.15852
954,Co4Sb12,2.59584
955,La2Pt4Si4,3.58235
956,As2Na6,1.2544
957,Au2Ho1Si2,2.90027
958,Er2Ir4,7.243
959,Al8Fe4Y1,2.61203
960,Ag2Th1,2.79052
961,O8Pd6Tl2,1.14946
962,Al4Mg2O8,11.24
963,Al4Hg2Se8,1.22804
964,Au2Dy1Si2,3.10321
965,O12Sb8,5.58758
966,B6V4,39.3806
967,Ca4In4Pt4,1.09828
968,F12Y4,3.60969
969,La4S4,3.63708
970,O8Pd6Tl2,1.12873
971,As4La4Te4,2.74677
972,Gd2O2Se1,8.95983
973,N4Pt8Zr16,2.62195
974,Cd2Dy4Ge4,3.44634
975,Au2Si2Sr1,2.85255
976,Mg2Sc4Se8,1.64241
977,In1Y1,4.24142
978,Li2O8V4,9.36476
979,Ge3Rh3Sc3,6.37031
980,Se4Ta1Tl3,0.953436
981,O4Sn2,7.04549
982,Au2Y1,2.85512
983,Cd2Se8Yb4,0.29051
984,F8Mg4,4.38928
985,N12Ta10,9.78748
986,Ni8Si4Zn12,1.70051
987,Ni10P6Sr2,3.16608
988,Ca8Cl12O2,0.931659
989,Ir8S12,4.01931
990,In2Tb4,2.88195
991,As8Pd4,1.88834
992,S8Y4Zn2,2.87935
993,Ag1C2K1,4.29392
994,In2Rb2Te4,0.975502
995,Sr1Zn5,1.41653
996,Bi2Cu1Zr6,4.835
997,Co4Sn4Y4,1.63831
998,Na12Sb4Se12,0.647884
999,C2Hf4S2,15.9407
1000,In3Ir3Tb3,1.86197
1001,In2Lu4Pd4,1.96599
1002,C4Nb16Ni8,4.25778
1003,Cs2F4H2,0.755878
1004,O8Ti4,11.6067
1005,Ge1Te1,9.83226
1006,Er4Ge6Rh7,3.72941
1007,I1Tl1,0.440301
1008,Co2Mo2P4,9.99331
1009,As4Ru2,12.0448
1010,K2Li2Se2,1.76175
1011,Be4Cu2,19.0176
1012,Al2Os1,32.569
1013,Cu2La2Pb2,3.10657
1014,Co5Y1,4.02615
1015,Hf16Pd8,1.0386
1016,Ru2Th2,3.37183
1017,Cl6K2Ti1,1.48494
1018,B4C4Ca2,26.8319
1019,Ir4La10,0.719955
1020,Ga1Mn1,6.29807
1021,K4S2,0.556778
1022,B8Cr2,54.8337
1023,Ag2Sb6Zr10,3.25201
1024,Dy2Rh4,4.8964
1025,La1Pd2Si2,5.91852
1026,Mn3N1Pd1,4.13613
1027,C11N4,39.9334
1028,Ir2W2,21.6256
1029,Ca1F2,6.11937
1030,Bi10La6Mg2,0.455163
1031,B2Ti1,110.252
1032,Pt8S8,1.70531
1033,K12S12Sb4,0.587073
1034,B4Mo6,19.2625
1035,Hg4Mg8,0.469656
1036,O4S1Zn1,2.38717
1037,As4Pd4Tb4,2.61692
1038,H3K1Mg1,6.53416
1039,Mg1P1Pd5,2.73491
1040,Sc1Zn1,12.2107
1041,F2Xe1,2.74264
1042,Ni16Si7Ti6,3.80385
1043,K1O3Ta1,19.2577
1044,Sb2V6,7.40081
1045,Pd6S8Y2,1.01228
1046,H1Ta2,10.5731
1047,Al4S8Sr2,3.83887
1048,Al2La6,1.39218
1049,Mg12Ru8,2.75366
1050,Al9Ba1Co2,6.98161
1051,Al8Y12,3.19249
1052,C1Pb1Sc3,12.1025
1053,Na16Sb8Sn2,0.347404
1054,Fe1Ru2Sn1,6.25432
1055,Si34,2.54935
1056,O4Te2,5.12679
1057,I2Li2,0.932258
1058,Pd4S4Sb4,1.4433
1059,Nb1Zn3,9.73261
1060,H2In2O4,6.12877
1061,Ca3Pb3Pd3,1.08459
1062,Ir1N1,6.79186
1063,Au2Sc2Si2,5.39991
1064,Ir4Y2,7.86356
1065,Fe8Re12,5.77256
1066,In1Ni2Ti1,8.80582
1067,Cl2H12Sr7,1.48238
1068,Ir3Zr1,19.5578
1069,O3W1,24.0636
1070,Cd2Y1,3.98638
1071,Ga1Ir1,7.29024
1072,Ba1In4,1.22572
1073,Au2Ca1Ge2,1.05432
1074,Co1N1,47.798
1075,Lu2Te4,1.69267
1076,In2Li2Se4,1.43985
1077,Ir2Si2Th1,4.14954
1078,Fe1Sb2Zr6,5.8545
1079,Al3Pd3Th3,1.67949
1080,Al40Pr2V4,2.12251
1081,B12Hf1,31.5612
1082,Cr4O8Zn2,6.61224
1083,In4S8Zn2,1.81066
1084,Ag2Ca2,1.334
1085,Au2Mn1,1.22095
1086,C1Re1,61.9783
1087,Si6W3,15.1604
1088,Be2Li2Sb2,6.90911
1089,Er4In2Ni4,2.31769
1090,Au1Er1Sn1,3.40276
1091,Ni1Sb1Y1,9.80227
1092,Bi1Pd1Yb1,1.36512
1093,B6Ni21U2,1.64721
1094,As2Ca2Rb2,1.4068
1095,Al1C1Er3,14.0139
1096,Rb6S6,0.625174
1097,Pd1Yb1,3.26732
1098,B2Mo2,43.3023
1099,Lu1Ni1Sb1,10.5306
1100,Dy1Rh3Si2,11.319
1101,Au5K1,0.681375
1102,Al1Rh1,25.1508
1103,As1Tb1,14.4989
1104,C4O12Sr4,4.93664
1105,Cu7Zn16Zr6,1.50352
1106,Cl6Rb2Sn1,0.740265
1107,Cl8Th2,2.41154
1108,Al8Tb12,2.17162
1109,Hf4Ni6Si8,4.94141
1110,Pd1Ti2,9.75943
1111,Ca2Pb2Zn2,1.86408
1112,Si8,11.3035
1113,Li2Mg1Pb1,1.91868
1114,Cu6P2S8,1.63022
1115,Ba1Pt5,3.01352
1116,Ga3Ni2,5.0891
1117,Ag3Si3Y3,4.55412
1118,Au1Cu4Dy1,0.878584
1119,B2Ir6Sn5,2.21468
1120,Pd2Sb4U2,2.73859
1121,Ir3Sn3Zr3,3.83511
1122,Cu1Ge6Ho2,3.76637
1123,O4S1Sr1,3.73259
1124,Br10Cs2Sn4,0.637468
1125,Au1O1Rb3,0.700436
1126,Gd1Se1,5.8004
1127,Au4Bi2Dy10,0.801565
1128,Ge4Ni8Zn12,1.02319
1129,Be2C1,129.108
1130,H10Rb6Zn2,0.660311
1131,B12Th1,30.819
1132,Cr4Mn2O8,4.60207
1133,Nd1Os4P12,6.59694
1134,Pb1Se1,0.951503
1135,Ge7Ni16Sc6,2.21504
1136,Pd1Sb1Sc1,5.94859
1137,O8Zn4,6.29213
1138,Si12Sr2,3.73744
1139,Al36Cr4Mg6,2.18173
1140,Hg2K2Sb2,0.858288
1141,K2Se1,1.36858
1142,Pt4Y4,2.26747
1143,La4Rh4Sn8,1.01087
1144,Ni4Sn4Tb4,2.08929
1145,Ir5La1,6.34466
1146,Cd4La2Pd2,1.30997
1147,Ag1I1,0.687118
1148,La4Si4,6.28923
1149,Hf3Re3Si3,13.6777
1150,B24Re4Y8,12.161
1151,Ca4Si12,4.90322
1152,Er2In2Zn2,3.77714
1153,Cl4O2Pd4,1.01977
1154,N2Sn6Zr10,4.60045
1155,Ru1Si3Th1,8.45664
1156,C2Ga2Nb4,16.5547
1157,Al4O10Si2,12.8372
1158,Co4Ge4Ta4,16.4019
1159,Ca2Ir4,5.36014
1160,As4Ca4Cd2,2.78753
1161,Hf4S2,9.52257
1162,As1Li1Zn1,7.46853
1163,Ge4Ni4Zr4,6.0211
1164,Hg1S1,1.15315
1165,Dy1Tl1,1.86399
1166,Pa6Sb8,1.8987
1167,Si2Sn6Zr10,5.08217
1168,P4V4Zr4,11.1174
1169,Mo3Si6,18.3376
1170,Ho1Se1,4.13686
1171,N8Pt4,11.7602
1172,Ho1Mn6Sn6,0.30926
1173,Hf4Nb4P4,8.50785
1174,Er4Ge4Ru4,2.96156
1175,Ge4La12,1.10876
1176,Al12Dy4,4.45035
1177,Ba1Nb7O9,10.4578
1178,Li2Pd1,2.17507
1179,B6Ni21Zr2,2.3532
1180,B1Bi1,11.8118
1181,Ga3Sc1,3.68794
1182,K1,0.324953
1183,Fe8Ta4,2.51294
1184,P4Pt4Sc4,2.19841
1185,Dy1In1,3.59642
1186,Ru4Sb12Sr1,2.0338
1187,C1Rh1,10.6001
1188,Ce2N2Se1,10.1317
1189,Eu1S1,2.92727
1190,Au2Nb3,5.45603
1191,Al8Fe4La1,2.4668
1192,O8Si2Zn4,5.11332
1193,Cr2Te2,0.398922
1194,B1H4Na1,7.46572
1195,Pb4Y2,2.03079
1196,Au8Nb12,1.80702
1197,Ho4O14Ru4,4.36323
1198,Mg2Se8Y4,1.47126
1199,O2Sr1,9.91837
1200,Cd1Sr1,2.86209
1201,Cd2Dy4Te8,0.683127
1202,Al1Dy3N1,10.451
1203,Hg33Rb3,0.0115074
1204,Cd2Tb1,3.42244
1205,C2,419.731
1206,Hf3Os3Si3,10.4238
1207,Al1Tb3,6.14948
1208,Ba2Cd4,0.38081
1209,Bi1Co1O3,4.5882
1210,Al2Li10O8,5.39709
1211,Mn4O14Y4,4.72584
1212,Al6C6Sc2,20.3263
1213,Au2O4Rb2,1.67784
1214,O3Pb1Ti1,12.3097
1215,Ti3,29.7878
1216,Dy2Pt4Si4,2.59148
1217,Cd3In1,0.127784
1218,Be44Re2,11.5216
1219,B4In5Ir9,3.55795
1220,In2Y4,3.51818
1221,Ge12Pr1Pt4,0.423097
1222,Co3Sn3Th3,3.49518
1223,Al2Sc4,9.83719
1224,B2Mg16Pt8,1.26617
1225,Ag2Si2Tb1,4.60072
1226,C1In1Sc3,17.6782
1227,Ga1Ir1Li2,3.73217
1228,Si1U3,1.70665
1229,Al40La2Ti4,2.08704
1230,Ho4In2Pd4,1.80167
1231,Pt4Si4Y4,4.18421
1232,Dy1Pt1Sb1,5.75835
1233,P8Ti4,10.828
1234,Hf4O12Sr4,5.81689
1235,As4Ho4Ni2,3.77976
1236,Al4Th2,6.0557
1237,Ag4Ba2,1.04424
1238,Be2Mo6,12.6462
1239,Si2Zr4,18.295
1240,Ba2Si2Zn2,3.90337
1241,Cu2Ge1Li1,2.17903
1242,N8W4,5.7741
1243,Os4Si4Zr4,8.37185
1244,N2P2V6,13.4484
1245,Ho1Ir1,7.85403
1246,Ba6O10Si2,3.05649
1247,Cs1I1,0.500102
1248,N1Nb1,36.2585
1249,Be2Zn26,0.531538
1250,Ge4Ir4Nb4,5.83333
1251,Rh3Sn3Y3,2.60334
1252,Al6Hf6Pt6,3.18944
1253,As2Fe2Li2,8.19299
1254,In1Ir1Li2,2.06458
1255,Sb4Th2,2.43995
1256,Be8Cs4F20,0.322151
1257,O2Pt2,3.28977
1258,Ba6Sn10,0.893694
1259,Au2Gd2,1.21337
1260,O4Ta2,14.1696
1261,Co1O1,7.10625
1262,Dy4O14V4,3.03527
1263,Cs2S2,0.646664
1264,Be2Li2P2,12.8329
1265,N3Ta2Zr1,11.5425
1266,Cd4O14Ta4,5.6234
1267,Cl1Li1,3.82212
1268,Ga2La1,9.19381
1269,La1Te1,3.41382
1270,Cd1Ni4Sc1,3.95563
1271,As2Cd2K2,1.84183
1272,C1Ir1,14.6187
1273,As8Ca6In4,1.84501
1274,Al1C1Ho3,13.6598
1275,Al8N4Nb12,7.91366
1276,As12Ir4,4.27218
1277,Hf1Tc1,14.4648
1278,Rh4Tb4Zn4,1.63393
1279,Al8Ho12,2.29906
1280,Br2Se4Tl10,0.295408
1281,Au1Cl3Cs1,0.590329
1282,Pt2Si1,6.15442
1283,Ge1Li1Rh2,9.65804
1284,Au2Ge8Rb6,0.543366
1285,Al4Au8,0.617981
1286,Al1Li2Rh1,4.82719
1287,Cu3Ge3Sc3,5.70797
1288,Cu2Ga2S4,2.72807
1289,Re8Tb4,1.55916
1290,In3Yb1,2.20385
1291,P12Ru4Th1,7.90685
1292,Ni2P2Tb1,10.315
1293,Al2C6Nb8,16.1102
1294,C1Pt1,7.02743
1295,C1Ho3Tl1,1.13863
1296,Ge4Hf6,7.89472
1297,Cd2Te2,1.07363
1298,Pd2Sc2Zn2,3.39178
1299,Ir4Si4Th2,6.15037
1300,N1Na1,3.45413
1301,Mo2Na4O8,7.64514
1302,Pt3Sc1,6.13564
1303,Au3Er3In3,1.87062
1304,Er4Ga4Ir4,1.51593
1305,Al8C4Ta12,6.89445
1306,Cl6Mn1Rb2,0.669902
1307,Cr1N1,56.6018
1308,C1Tc1,5.40894
1309,Ca4O12Si4,8.14339
1310,In3Rh3Tb3,1.65665
1311,Ir2Si2Y1,15.3048
1312,Au2S4V2,3.96334
1313,Li2Sb2Zn2,2.09482
1314,Er1Ga3,4.66657
1315,Co4Mo4P4,4.34111
1316,Ge4Na3Pt4,0.801272
1317,H10K6Zn2,1.03544
1318,As8Na16Ti2,0.705101
1319,Ge4Ru4,7.73882
1320,As1Li1Mg1,9.04879
1321,Ca2N2Zn1,8.05313
1322,Cu3S4V1,4.83634
1323,Hf6Rh10,2.9963
1324,Ga12Pd1Tb4,2.32573
1325,Fe4O11Sr4,3.26311
1326,Au2Ba2P2,2.5545
1327,Ba2Si46,1.81725
1328,Be2Hf2Si2,20.1063
1329,Be5Co1,30.6261
1330,Cl8Co1Li6,3.7919
1331,B2Ni8Tb2,4.69371
1332,Hf16Ir8,1.90249
1333,Ag1C2Li1,5.61394
1334,H1Ni1,9.67705
1335,F1Tl1,0.646273
1336,Ca4Li4Si8,3.90049
1337,Ir8La6Sn26,1.03464
1338,Bi1O3Sc1,8.83105
1339,Ag2Ga2Te4,0.85844
1340,Au1Er1Pb1,2.57804
1341,Mo2Rh6,6.76682
1342,H4Mg2,7.54015
1343,La1Pt2Si2,4.75949
1344,F6Pd1Rb2,1.8634
1345,Br6Pd1Rb2,0.659566
1346,As1K1Zn1,3.52403
1347,C8W4Y4,9.81682
1348,La1Os2Si2,15.7457
1349,Mn2S8Sc4,2.5775
1350,Ga4Sn8V8,2.59599
1351,In1Pt2Sc1,2.77742
1352,C28V32,9.07097
1353,Ir1Si3Th1,7.47095
1354,Cd4O8,2.15515
1355,Ag2In2Te4,0.630393
1356,F3Mg3N1,10.7026
1357,Au2Ge2Y2,3.45205
1358,Ca2F8Pd2,2.06097
1359,Ag2In1Tb1,1.21589
1360,Dy12Ru4,1.87749
1361,As4Hf4,5.63464
1362,Er1Ge2Rh2,6.35092
1363,Ho4Ir4Si4,5.04168
1364,Ho1N1,36.4121
1365,Na3Sb1Se4,1.15192
1366,Ga4Pb2Se8,1.41769
1367,Er1H2,9.63809
1368,Mn1S1,12.123
1369,Ag3Pt1,1.08992
1370,Pd1Sb1Yb1,1.44375
1371,Hf10Ir6,0.827062
1372,Rh5Y1,6.61271
1373,Au2Pb8Rb6,0.281087
1374,Ir4Pr2,3.60998
1375,H4In4O8,4.70357
1376,S2Ta1,22.9479
1377,O14Sn4Y4,4.57745
1378,As4Ni2Tb4,3.6281
1379,H8Sr4,2.19214
1380,Al2Zr2,16.8498
1381,Cd1In2Se4,2.212
1382,Au2Sn2Tb2,2.81761
1383,F3Mo1,5.13902
1384,Li3O4U1,12.9415
1385,Na6O5Pb1,1.94195
1386,Al1Ho3N1,10.8835
1387,S4Sc2Tl2,3.16735
1388,B2Nb2O8,19.3308
1389,Li4Mn4O8,5.61154
1390,Bi1Ho2O2,6.01931
1391,Si1Sn1,7.49859
1392,O6Sr2Ti2,12.185
1393,Pd4Si4Sr4,1.20107
1394,Cd2Ho1,3.46744
1395,Rh4Si4Y4,4.89869
1396,Dy1P1,20.3293
1397,C4,272.257
1398,Ga3Tb1,4.88689
1399,Ca8Ge4,2.06919
1400,Ag3Dy3Mg3,0.688105
1401,B18Li2,33.5665
1402,O12Os4Rb2,9.32515
1403,Cd1Te1,2.21241
1404,Fe2Se4,8.67444
1405,Ag2La2Pb2,2.0517
1406,Ir6W2,13.7485
1407,Br1Tl1,0.52204
1408,As14Re6,3.40014
1409,Al16Ir7Sc6,3.37984
1410,Ir6Nb6,6.12993
1411,Y1Zn1,9.6607
1412,Cu2La2Si2,6.25025
1413,P8Pa6,4.2331
1414,Cl6K2Pd1,1.08062
1415,Ge1Hg1Li2,1.09811
1416,Ni4P4Ta4,6.09382
1417,Rh1Sb1Th1,5.01189
1418,Au2Er1,2.8501
1419,Ba3Bi3Na3,1.15407
1420,Co2O12Sb4,6.78386
1421,B2Gd1,45.3575
1422,Co4Ge4Nb4,7.567
1423,Sc4Tc8,1.76213
1424,F4Sn1,11.3856
1425,Cd4Nb4O14,5.67356
1426,Mg4Te8,1.59949
1427,Mg4O8Si2,10.325
1428,Ca1F3Rb1,2.66995
1429,Co1Ga2Zr6,6.2982
1430,Al4Pd4Y4,1.67832
1431,Na1Nb1O3,19.219
1432,Cl1Tl1,0.590775
1433,Tb6Tl10,0.503902
1434,Al1La1O3,22.272
1435,Ir6Mg6Si16,1.71246
1436,F1Na1,4.67066
1437,C4Cd2N4,0.700637
1438,Sb1,3.83874
1439,Ba1O2,6.66459
1440,Br4Eu4I4,0.479311
1441,Ta1Tc1,37.5016
1442,Co4Sb12,2.60128
1443,Li2Mg1Si1,8.71253
1444,Ca1Ir1Si3,5.68846
1445,Tb2,9.35495
1446,Ca1Cs1F3,2.42221
1447,F3Hg1Rb1,0.775665
1448,As2V6,11.4027
1449,Ge6N8,10.6753
1450,Al8O20Si4,8.99218
1451,O12Rh4U2,3.82191
1452,Pt9Sc5Si7,2.95066
1453,Cd1Ni4Y1,2.70393
1454,Ru2Sb2Sr1,6.10603
1455,Cs8I24Sn4,0.103803
1456,Be2Na2Sb2,3.97761
1457,Ni3Sn1,5.91168
1458,Dy1Ge2Ni2,4.39503
1459,C1Dy3Tl1,1.08478
1460,Ag8Ca19N7,0.909428
1461,Si41,2.41433
1462,B2Nb2Ni2,22.354
1463,Cr2S2,5.96175
1464,Au6Sb8Y6,1.32398
1465,Ho1S1,9.49212
1466,O4Rb2Sc2,6.85733
1467,Ir4Sb4Te4,3.93343
1468,N4Ta2,20.1425
1469,Ag2F6Rb2,0.829701
1470,Al4Er2Ni2,5.75013
1471,Mo6Zr2,1.64266
1472,Si16Ti20,5.19987
1473,Be24P16,6.2643
1474,Er1Ni2P2,9.69237
1475,Se1Zn1,5.4493
1476,Al4O12Y4,8.78906
1477,Cu6O8Pb1,1.60526
1478,Ag6P2S8,0.646044
1479,La4O14Sn4,3.44255
1480,Al6Th2,4.35912
1481,B4C4Er2,20.3828
1482,Au4Ca4Ga4,0.854193
1483,Pt2S2,2.71238
1484,Rh1Si3Tb1,7.22675
1485,Al3Os2,16.9173
1486,Ir6Sn6Zr6,3.03393
1487,Cl6K2Sn1,0.780749
1488,Ni1Zn1,9.70334
1489,Ga3Pt3Th3,2.0683
1490,C1In1Pt3,0.649876
1491,Te12Th7,1.21252
1492,Ga4La4Pd8,0.893828
1493,N8Si6,17.9999
1494,Sc1Se1,7.87107
1495,Cd1S1,2.63546
1496,Al4Tb8,2.8517
1497,Ba4Ge8P8,1.83079
1498,N2Ta2,25.5906
1499,O1Sc1,18.4002
1500,Co8N4Zr16,3.55887
1501,P4Zn6,2.99174
1502,Li1Mg4Si2,2.0204
1503,Al3Cu3Er3,3.69973
1504,I1Na1,0.851748
1505,H6Na2Pt1,4.25043
1506,K2Sb2Zn2,1.76231
1507,Mn1Pd2Sb1,1.91199
1508,Ir2Th2,2.45036
1509,Ge6Ir4Tb6,2.79469
1510,As1Br3Ca3,2.54234
1511,Ca3O12S3,5.81437
1512,Cd4O12Sn4,2.37723
1513,Li3Pb1,2.30068
1514,Er12Os4,2.16967
1515,Bi1Mg1Ni1,4.10048
1516,Br6Rb2Te1,0.574932
1517,Hf2N4,6.7576
1518,I6Pd1Rb2,0.263696
1519,Li8O8Pb2,2.23797
1520,Au2Nb6,5.22147
1521,Al10Ta20,2.51749
1522,Ir4S4Sb4,5.07883
1523,B12Sc1,43.4633
1524,C1Ru1,1.49975
1525,Ca1Ge2Ir2,8.1076
1526,S9,4.10801
1527,Ag2Hg1I4,0.324344
1528,Ga2Hf6Ni1,7.13921
1529,Cr1Ni1Sb1,2.81656
1530,C1Sc3Sn1,16.146
1531,C12,44.067
1532,Al2Fe1Zr6,7.81941
1533,Ca4Nb4O14,8.92748
1534,Eu1Hg1,1.38156
1535,Mg2O6V2,2.32607
1536,Ni16Si7Zr6,3.57962
1537,P4Ru4Ta4,7.84497
1538,As4Zn6,1.27106
1539,Cd4Rh4Tb16,1.28251
1540,Cu2Er1In1,3.42503
1541,B4C2U2,23.7043
1542,Ca4O12Zr4,6.98271
1543,N1Na3,2.02204
1544,Pu1Te1,5.06453
1545,Ge6Ta10,6.25187
1546,Os2P4,21.322
1547,Pd6S2,1.94285
1548,Nb1Pd3,7.05245
1549,Ir4Si4Tb2,4.60419
1550,O8Ru4,9.89981
1551,Pt6Y14,1.03595
1552,Co2P4W2,10.3591
1553,As1Te1,4.06999
1554,Ba2Pb12Rh6,0.75573
1555,Hg10Pd4,0.0851389
1556,Ba2Pt2,1.52192
1557,Ca1Pt1Si3,4.78953
1558,B12Er1,37.3594
1559,H1Se1Y1,14.2347
1560,Ba2Mo6Te6,3.36118
1561,Mn1S1,17.2457
1562,In3Pd3Th3,1.63473
1563,Ag2S6Ta2,3.51391
1564,Dy4Mg2Si4,6.92877
1565,Ho3Pt3Sn3,2.84957
1566,P1Rh2,10.4142
1567,Ge4Pd8Y4,1.46648
1568,Ag1Li1,1.39359
1569,Ca1N2,14.9832
1570,Cd1Ho1,4.53629
1571,H1Ho1Se1,12.3913
1572,Al4Pd4,4.20196
1573,Br6Rb2Sn1,0.456861
1574,Ho8S12,2.85149
1575,O8Si4,24.9604
1576,Al1Cu2Sc1,5.8271
1577,Ir6Sn14,1.33327
1578,C60Rb6,6.75982
1579,Gd4O14Ti4,6.45483
1580,Au2La2,0.662441
1581,Cu2Hf10Pb6,2.16858
1582,Ge4Mg2Y4,6.13715
1583,Nb6Pt2,7.90906
1584,In3Rh2Ti3,4.66471
1585,Cu4Se8,1.34732
1586,F4Mg1Rb2,1.93049
1587,Bi1Dy1,6.39882
1588,Cs3H9Mg3,1.84575
1589,B1Hf1Rh3,11.2408
1590,Ge1O3Pb1,7.38513
1591,Al1C1Ti3,21.4351
1592,Cr2Er2O8,5.86044
1593,I10In2Sn4,0.431356
1594,N1Nb1,66.0028
1595,N2Te1Th2,6.19272
1596,Cu2Sn2Y2,5.02127
1597,Al2Hg1S4,4.45629
1598,Au4Y8,1.2269
1599,Cl1Tl1,0.592328
1600,Ge2,8.77592
1601,Cd2Er1,3.43563
1602,As1Cd1Li1,4.19656
1603,Bi4O14Ti4,3.89553
1604,Co4P12,8.875
1605,S8Zn8,2.31504
1606,La1Mg1Ni4,1.71284
1607,Nb6Rh2Se12,4.84888
1608,Ag2Ho2Pb2,1.94752
1609,Ni4Sc6Si6,6.90123
1610,Pt3Sn3Y3,2.83601
1611,Mn2Se6Th2,2.56696
1612,Ag1Cd1Sb1,0.209793
1613,In4Mg2O8,4.1691
1614,Ba2Ge2Zn2,2.65224
1615,B1C7,124.608
1616,Re8Y4,2.27555
1617,O14Tb4Ti4,6.63451
1618,Bi1Ho1Pt1,4.30266
1619,Si4Th2,2.93156
1620,S1Zr1,12.4994
1621,Dy4Ge6Ir7,4.6709
1622,Al1Nb1Ru2,26.2293
1623,F6La2,3.44611
1624,Co4P12,8.88645
1625,As2Ca1Fe2,10.7168
1626,Ge3Hf3Os3,7.56488
1627,C1Th1,29.595
1628,Co8Ge26Tb6,1.77386
1629,Al1Dy1,9.56531
1630,Pt6Sb4,0.807631
1631,As2Pb6Zr10,3.32607
1632,Al9Co2Sr1,7.46179
1633,In2Te4Zn1,1.66508
1634,Pt4Y8,1.60547
1635,Er2Pd6S8,0.896527
1636,B4C4La2,20.1604
1637,Si4Y2,2.03305
1638,Sr1,2.66941
1639,Bi1,8.19061
1640,Al6Zr2,13.5073
1641,Dy1Pt2Si2,3.49274
1642,As2Cs1Rh2,6.10291
1643,H2La1,6.7022
1644,Ca7Ge1,1.29657
1645,N1Tc3,28.7143
1646,Li2Nb2O4,17.7999
1647,Al10W2,9.83043
1648,Bi1Ca3N1,7.62895
1649,In1Ni4Zr1,3.786
1650,Ag8S4,0.337552
1651,Co4Cu2S8,2.20631
1652,Sn2,2.90827
1653,Al6C2Zr10,7.52648
1654,B2Ca1Rh3,12.1029
1655,As6Sr6,1.95293
1656,O4Si2,46.1115
1657,Ba1Cd2Ge2,1.24185
1658,C10Si10,24.2568
1659,Cd4O12V4,4.43936
1660,O2Zr1,23.9236
1661,As1Pu1,7.80575
1662,Au1Pd3,2.50825
1663,Ge3Ru3Sc3,8.49
1664,Ge4Ir4Th2,3.94444
1665,Cd8Yb4,0.70711
1666,Ga4Pd4Tb4,0.522614
1667,Tb1Te1,4.03319
1668,F20K2Tb6,1.75239
1669,Pd4Se8,2.16554
1670,Co2Dy2Ge4,3.24496
1671,N4Pt2,16.6066
1672,C2Ga2Sc4,10.0791
1673,Hg4K2,0.0863275
1674,Na2Nb2Se4,5.56409
1675,Co8Er6Ge26,1.76847
1676,Ti2Zn1,15.0647
1677,Ho1Pd1,4.11184
1678,Ca3Tl1,1.06871
1679,Cd4Pd2Sr2,0.915474
1680,Cs2I6Pt1,0.537885
1681,Ge4Rh4Sc4,4.09276
1682,S1Ta1,17.8351
1683,Ca2In8Rh2,1.52823
1684,Bi1Cu1Mg1,2.81239
1685,Al6Os2U4,4.12965
1686,Al2N2Zr6,14.8153
1687,N2Y2,18.5086
1688,B2Ta1,47.9423
1689,Si2,16.5235
1690,Ag3La3Mg3,0.807069
1691,As8In8,1.1384
1692,Dy6Ge26Ru8,1.35082
1693,Ge6Mo10,5.47929
1694,Be26Er2,12.7868
1695,Au1Ho1,3.76495
1696,Cu4Mg4P4,3.38746
1697,Mg4Th2,3.5876
1698,Bi1Pd1Y1,4.42091
1699,Au8Li30,0.296593
1700,Pt1V3,5.81527
1701,Ir4La2,5.40661
1702,O8V2Y2,6.43648
1703,O4Re2,13.6076
1704,In2La4Pd4,1.49168
1705,B1Ce1Rh3,5.31949
1706,Ag4Se4Tl4,0.324216
1707,Ru4Y12,2.54817
1708,Ba4Mn4O12,2.63685
1709,Ag16Ca6,0.311928
1710,Er1In1Pt4,2.79145
1711,Ag1Sc1,5.1347
1712,S4Si2,10.7017
1713,Cu1Pt7,2.28524
1714,Al3Er3Pd3,2.34642
1715,Yb3Zn11,0.854927
1716,Al16Ni7Sc6,3.65252
1717,Gd1Te1,3.1224
1718,As8Ni4,2.4538
1719,Ca7Cl2H12,2.4712
1720,Ge2Ho1Ru2,7.04827
1721,Bi1Er1Pt1,4.28002
1722,Cu2Ge2Sr1,4.04382
1723,Er4Mg8,1.73968
1724,Al3Sc1,13.6326
1725,Cl6Cs2Sn1,0.632969
1726,F1K1,1.74494
1727,Ga1P1,13.3617
1728,Al1Au2Hf1,1.29073
1729,B2Ba1Rh2,9.93763
1730,C2Dy1,10.3954
1731,Dy1Sn3,0.986287
1732,Br3Cs1Pb1,0.544202
1733,Tb4Tl2,1.74216
1734,Au1Cs1,0.500054
1735,Al1Y1,12.0523
1736,Cr1Te1,0.0805987
1737,Li6P2,6.095
1738,Dy3Pb3Pd3,1.60263
1739,B8Fe2,13.9531
1740,Na2Se1,2.48774
1741,Dy1Pd2Si2,5.50352
1742,Mn2O3Ta1,7.0869
1743,Br6K2Pt1,0.796806
1744,Ga2O12Tb6,3.42866
1745,As2Bi2O8,2.54877
1746,Al2Ba1Si2,5.29198
1747,Nd1Pt3,3.23184
1748,La4O14Ti4,5.5638
1749,Nb6Si2,10.5796
1750,Al4Y2,11.7594
1751,B2Fe1,24.2745
1752,Al1Pt1,4.79104
1753,Cl6Pd1Rb2,1.35331
1754,N2Os1,21.315
1755,Be4Nb6,11.8315
1756,Ba1S1,5.63285
1757,Ca4O14Ta4,8.30922
1758,C1Pt1,2.40203
1759,Mn1Ni3,4.091
1760,Al6C8Hf4,14.3452
1761,Ag8Pd24Se8,0.24224
1762,Ru4S8,8.45479
1763,Al3Zr1,11.1041
1764,Dy2Pt4,4.28532
1765,Rh4Te8,2.32316
1766,Cr4O12W2,8.187
1767,C1La3Tl1,4.82183
1768,Li2,3.15764
1769,F4K2Zn1,2.27257
1770,Al16Pd7Sc6,2.14066
1771,Dy2Ga8Ni2,2.21704
1772,Ag2P2Sr2,3.28879
1773,As4Er4Pt4,2.33779
1774,Ag4Er4Se8,1.18948
1775,S8Zr6,0.849899
1776,Br8Cu8,0.427473
1777,Dy4O14Ti4,6.58296
1778,Ni2Zr4,1.51424
1779,Ho4Mg8,1.37806
1780,Ga3Pt3Zr3,4.62898
1781,Ge6Ir7Tb4,4.59209
1782,F4Nb1,16.5854
1783,Ge26Ho6Os8,1.71215
1784,Co2Nb8Si2,11.4202
1785,Dy1H2,9.95648
1786,Fe1Ru2Si1,17.4881
1787,Dy2O8P2,7.16596
1788,Al2Y2,10.1234
1789,Hf1Pd3,6.10995
1790,B4C4Y2,22.6142
1791,Al8Er12,2.40611
1792,Ge4Nb4Rh4,6.07234
1793,Al2Hf6Pt1,7.04851
1794,Er1Mg1,11.4835
1795,Cs2I6Sn2,0.348189
1796,As4Pd20Sb4,0.202881
1797,Pb3U1,1.42126
1798,Dy4Tl2,1.76227
1799,Nb3O3,24.5568
1800,B2N2,178.38
1801,Au7I1P10,1.09036
1802,In2Pt1,1.35613
1803,Bi2Rh2,2.01868
1804,Nb4O14Sn4,7.65654
1805,F8Pd2Sr2,1.37904
1806,Au1Rb1,0.662629
1807,Re8Zr4,2.83604
1808,Fe1Te2Zr6,6.75765
1809,Co2Rh4S8,2.68662
1810,La4Rh4Si4,1.24861
1811,Ba4Si8,2.49865
1812,Cd2Se2,1.25962
1813,Pb4Pt2,0.60839
1814,P1,9.3518
1815,Al8Zr4,10.5841
1816,Ni1P4Si3,6.57731
1817,B8Mo8Os4,9.28589
1818,O14Y4Zr4,6.58133
1819,Cu2O4Sc2,4.74294
1820,Se8Th4,1.50382
1821,Ba1P2Ru2,9.50025
1822,Al2C6Ta8,10.7359
1823,P4W12,5.30171
1824,Be6F12,23.1522
1825,Se1Sn1,6.21949
1826,Ge6Ta10,5.44553
1827,Al4Au4Th2,2.70137
1828,Ni2O12Ta4,7.28957
1829,Mg2O6V2,4.55773
1830,Al2C2V4,22.774
1831,Rh9S12,3.02884
1832,P4Ru4Zr4,9.10236
1833,B6Gd1,14.4375
1834,Cl6K2Pt1,1.35828
1835,S12Sc4Y4,2.87168
1836,O4Ti2,22.7614
1837,Mg1Y1,12.4829
1838,Nb1Ru1,2.93998
1839,H2Nb1,16.2956
1840,B4Li8Pd12,0.731396
1841,N3V2,29.8454
1842,Bi4O14Ru4,4.65744
1843,Ba2Te4,1.46276
1844,Hg1Se1,1.31205
1845,Ca4Mn4O12,3.30019
1846,Al2Li1Rh1,9.40332
1847,Co4Ge4V4,6.33757
1848,Au1Li3,0.632118
1849,Ir2Ti6,1.85335
1850,P6Sr6,2.65588
1851,K5Pb24,0.135596
1852,Ca2Rh4,3.58797
1853,B2Tc6,15.1718
1854,C2K8O8,1.59611
1855,Al3Dy1,10.2867
1856,C2Mg2N4,24.3982
1857,Ce1Co1Si3,13.2962
1858,O12Pb4Tc4,2.98668
1859,Co4Sb12,2.60832
1860,Er2Sn4,3.19196
1861,Hg1Ni1,1.28034
1862,Ag1In5Se8,1.17226
1863,Al1C1La3,6.61794
1864,In2Sc4,5.44216
1865,Nb6Rh2,9.9392
1866,Ag1Cl1,0.615131
1867,N4Re8Zr16,3.34655
1868,Mn1Pd2Sn1,2.05658
1869,Ag2,1.31896
1870,Mg4O8Si2,13.9388
1871,B1P1,105.321
1872,N1Pu1,36.6746
1873,Er2O8P2,7.75023
1874,Ni2S4,8.07029
1875,Bi1Li1Mg1,3.78424
1876,Mg2O2,14.3849
1877,Al4Hg2S8,2.11564
1878,Cs1,0.148068
1879,F2Kr1,2.37624
1880,K2Te1,0.893514
1881,C2Tl2Zr4,10.1859
1882,Ba4Cu8S8,1.23115
1883,Y2,20.2194
1884,In1La3N1,6.58575
1885,Bi2Er10Pt4,0.939181
1886,B6Ni20Ta3,2.8229
1887,Li4Sb4Sr4,2.07708
1888,Br2La10Sb6,1.76906
1889,Cd4O12Ti4,4.97296
1890,Er2Si4,2.67336
1891,Fe1Ti1,45.0433
1892,C1In1Y3,13.5189
1893,Gd1Rh1,4.44138
1894,Co2Si4Y2,7.72964
1895,Ti4Zn8,2.64586
1896,Al2Sc4Si4,8.58911
1897,Er4Ni4P4,4.63644
1898,K10Te6,0.450145
1899,Hg2Pt1,0.900617
1900,Cr2F8Sr2,1.96611
1901,Al1Y3,7.63659
1902,Co2Si1V1,8.30361
1903,Er6F20K2,1.92218
1904,Dy3In3Ni3,1.81335
1905,Mg2Si1,15.5421
1906,Nb6Sb4Te10,3.30975
1907,Cr4Mg2O8,6.52937
1908,Te1Y1,4.52453
1909,Er2Hg6,0.491895
1910,Ga1Rh1,6.54377
1911,Cs2N6,3.32689
1912,Cd2Mg2,1.51293
1913,Pt4Tb8,1.2487
1914,Be26Th2,11.1723
1915,Ba1Mg4Si3,5.87975
1916,Ga4Ho4O12,4.28497
1917,O2Zr6,7.73648
1918,Ca1O2,16.6962
1919,C2Nb2,18.8957
1920,Si6Zr10,7.94199
1921,Sb6Sr10,1.29694
1922,Ge1Li2Zn1,4.63055
1923,In12Ru4,1.97655
1924,O28P8Zr4,3.84663
1925,Mg4O12Se4,6.21231
1926,Ag2Cl2,0.522228
1927,Cr4Hg2O8,2.5102
1928,Ni12P7Sc2,2.82127
1929,B6Ca1,28.2052
1930,Cr4Hf2,5.21894
1931,C1Ru3Zr1,23.9718
1932,Al4Ba2,3.9454
1933,Mo1N1,18.8996
1934,Ga1S8Ti4,6.51282
1935,Si46,2.46106
1936,Mn4Pd8,1.42065
1937,As6Yb8,1.09881
1938,Co2In4S8,1.65282
1939,Al4S8Zn2,4.51413
1940,B4Si2V10,18.6293
1941,Pb2S12Ta6,4.46353
1942,Al1Er3N1,11.0693
1943,O8Pr2V2,4.8759
1944,S12Th8,2.35705
1945,Nb2Te8,3.10442
1946,As1Pt5Zn1,2.91769
1947,Ba2Hg1,1.2922
1948,Os2Si2Th1,16.0881
1949,Cd2Mn4O8,2.43845
1950,Bi4F16Rb4,0.5507
1951,Al3Ni2Th1,8.48401
1952,Ru1Ta1,7.8323
1953,Ca1Mn1O3,7.54051
1954,Ca4Sn4Sr4,1.68181
1955,Pt1Zn1,7.97467
1956,Ga3Mg3Sm3,4.54186
1957,B2N2,79.0912
1958,O28P8Ti4,5.41219
1959,Ag6As2O8,0.747144
1960,In1La3,1.37201
1961,K1Na2Sb1,1.6165
1962,Sn6Ti10,2.73628
1963,F4Pb1,5.64531
1964,Ga2Y1,10.5611
1965,Ge1Li1Ni2,6.22501
1966,Rh4Sn8,1.66802
1967,Cu2Ho1In1,3.45826
1968,Bi1Pt1Yb1,2.31339
1969,Ag2S6Ta2,3.63333
1970,Ir4Sb12,2.72038
1971,Al4Pb2S8,2.89392
1972,Au2Ge2Sc2,3.07262
1973,Ir1Si3Tb1,8.28409
1974,B4Pd10,1.80894
1975,Er2Te4,1.68387
1976,Ca4Cl8,0.960523
1977,Ca1Ge2Rh2,7.01438
1978,Se1Tl1,0.164419
1979,H6Y2,7.50123
1980,N3Ta3,24.6641
1981,Ag2In2S4,1.06485
1982,F6K3W1,1.39127
1983,Dy2Mg2Sn2,4.43066
1984,Ho1Ir1Si3,7.70025
1985,Ge4Ir4Tb2,2.36883
1986,Ir4V4,10.7419
1987,Cd2Se8Y4,1.17313
1988,La2Ni2,2.36088
1989,Dy4Ir4Si4,4.99576
1990,O12Si6,7.91396
1991,Bi1Er2O2,5.75289
1992,Ho4Re8,2.3117
1993,Cl1Rb1,0.953933
1994,Au2Yb1,1.05593
1995,Ba1Ge3Pd1,2.62995
1996,H9La4,2.50847
1997,N1Th1,18.9114
1998,Ir3Nb1,27.8626
1999,Al2Zr4,8.43437
2000,Na3P3Sr3,3.10615
2001,Er2Ge6Ni2,3.84183
2002,C1Na4O4,3.84359
2003,O8Zr4,8.33108
2004,Dy4Ge4Ir4,2.1343
2005,Fe4Zr2,3.18196
2006,Dy2Ge2,7.58021
2007,Au8In4K2,0.311537
2008,Cu2Sn6Zr10,3.65049
2009,Mg6Zn33,0.541201
2010,Co6S8,2.30412
2011,Ir2Si2Tb1,14.554
2012,Gd4Hf4O14,5.86906
2013,Ca3N1P1,11.9917
2014,Ba6Cr2N6,3.24918
2015,Al2Li2,6.62954
2016,B6Ba1,33.4225
2017,Rh1Si3Th1,7.39433
2018,Cl16Hg12O4,0.312538
2019,Rh4Sn4,2.60165
2020,O8Ti4,15.6738
2021,Li2Pt1,3.197
2022,Al6Hf10N2,4.03278
2023,Re8Zr4,2.97826
2024,Er4In2Pd4,1.94085
2025,H1Na1,5.44407
2026,Cu1Hf2,11.052
2027,Pt1Sn1Ti1,6.19958
2028,La2Rh2Si4,4.94681
2029,H2Ta1,8.61554
2030,As4Ni4Se4,3.25275
2031,Pb4S4,2.4157
2032,Cr1La1O3,16.9784
2033,Au1Ni4Tb1,3.50802
2034,Al1Mn1Ti2,4.38099
2035,As8Ba4Zn8,1.32349
2036,C1Nb1Ru3,21.1322
2037,O2Pa1,18.0073
2038,Cs4I8Li4,0.163865
2039,Al2Th1,14.1211
2040,Al8Ni2Tb2,5.44106
2041,Be4Ta2,24.634
2042,Hf1Ru1Sb1,6.43126
2043,Cd1N1,1.32338
2044,Bi1N2Th2,6.90684
2045,P1Pt5Sn1,1.38276
2046,Ir3Ti1,20.7615
2047,Ag1I1,0.337221
2048,Au2Ho1,2.67566
2049,Li4O8Rh4,3.73499
2050,B12Yb1,32.9105
2051,Cu1Mn3N1,1.04126
2052,Er3Pt3Sn3,2.92122
2053,Rh2V6,11.062
2054,Rh2Sn4,2.05974
2055,O8Sb2V2,9.59146
2056,Hg1O2Rb2,1.33742
2057,Cd3Cu3Dy3,1.67027
2058,Hf4Ir4Si4,8.04569
2059,Pu1Ru1,0.498391
2060,C11N4,77.0356
2061,Dy4In2,2.84229
2062,C8U4W4,2.18577
2063,La1Ni1O2,8.62143
2064,Ge2Rh2Y1,7.34652
2065,Ce1Ga1O3,2.37931
2066,Ag2I2,0.481152
2067,N1Y1,44.8532
2068,As2Ga2,5.05936
2069,B6Ni20Sc3,2.73832
2070,Mg1Te1,7.75867
2071,Mg1P1Pt5,2.95894
2072,Ge2V2Zr2,8.82642
2073,Hf1O3Pb1,10.6517
2074,N2Os2,20.8857
2075,Ga4Sn4Sr4,1.5797
2076,Dy4Ga4Pt4,1.14193
2077,In3Pt3Sc3,2.10405
2078,Bi2Ca2Cu2,2.4218
2079,Ag3Er3Si3,4.06972
2080,Hf16Rh8,1.87758
2081,Ag3Dy3Si3,3.9023
2082,Ru8Si4,7.33115
2083,B8Mo8Ru4,9.72627
2084,Zn4Zr2,6.35758
2085,Ge4Hf2,7.30019
2086,O2Tb2Te1,6.81717
2087,Cr4O8Zn2,6.60566
2088,Cu2Sb4Ti10,2.98298
2089,Pt1Sb2Zr6,5.91723
2090,Al8Ce2Ni2,6.4118
2091,Ge4N6Na2,6.18395
2092,Hg2Sn2Yb2,1.06987
2093,Nb1Pt2,11.4992
2094,Sc2,18.1683
2095,Al16Ru7Sc6,3.86459
2096,Fe1Ga12Y4,2.06442
2097,Ir1Yb1,3.86662
2098,Ca4Cd8,0.914112
2099,Bi4O14Pt4,2.68623
2100,Os4Th2,1.42381
2101,Ga4Pt4,2.31258
2102,In3Lu1,2.04952
2103,Bi1K3,0.552867
2104,Os3Ti1,9.94117
2105,Au2Ho2Sn2,2.82432
2106,As12Os4Th1,4.88737
2107,Rh4S4Sb4,4.21532
2108,B4H16Na4,3.12794
2109,Ag2Ba2P2,2.71071
2110,In4Pd8,0.839424
2111,Ce2Pd21Si6,0.822396
2112,Co2Er2Si4,6.56039
2113,Co4Sb12,2.60437
2114,I12Rb4Te2,0.192162
2115,Mg3Ni20P6,1.94102
2116,As2Ba1Rh2,5.31157
2117,Ga3Ho1,5.15799
2118,Cl8H24N8,1.05159
2119,Tc8Zr4,0.73542
2120,Be26Sc2,14.7661
2121,C2Re1,49.386
2122,Ag2Ca1Ge2,1.74161
2123,Mg8O8,5.91195
2124,Dy2,12.2794
2125,Hf1Os3,9.16338
2126,Ge3Pd3Sc3,3.62679
2127,Co4Sb12,2.59762
2128,As4Ba4Pt4,0.875519
2129,Ba4Pd4Si4,1.28446
2130,Ba1Si2Zn2,5.31203
2131,N2Os1,5.64512
2132,Ba6Si46,1.1389
2133,As1In1,3.68176
2134,Mg2Te2,1.64274
2135,P1U1,5.61501
2136,Mg1S1,5.87782
2137,Nb1Rh1,15.1129
2138,Ni1Pt1,11.3909
2139,Ho1Zn1,6.39909
2140,Bi4In4O12,2.96868
2141,Al4C4Th1,14.0907
2142,Pd3Ti1,6.2836
2143,Cs1H1,0.976334
2144,Os10W20,5.22011
2145,Ca4Pt4Si4,1.32018
2146,C1Ru1,2.23473
2147,Bi3Dy3Rh3,2.19851
2148,Se1Y1,5.87406
2149,C1Er3Tl1,1.05634
2150,Co2Fe1Ga1,20.0452
2151,Dy2Ga4Ni2,3.1787
2152,Al2F8Na2,5.16721
2153,Br2H12Sr7,1.39309
2154,Cs1I3Sn1,0.574119
2155,Ca3N1Sb1,1.65547
2156,Au4Ca4Cd4,0.553511
2157,Se2Ti2,3.40623
2158,O8Pb2Sr4,2.31137
2159,C1Sn1,16.3635
2160,Pd8Sb4,1.21501
2161,Be1S1,35.0764
2162,La4O10Pd4,2.44399
2163,Cu2O4Sr2,4.29353
2164,Br6K2Te1,0.672649
2165,As1Hg1Pd5,1.35903
2166,As4Ca12N4,3.50373
2167,Ca3Ge1N1,6.13272
2168,Ag5O6Pb2,0.452188
2169,F5Mn1Rb2,1.61991
2170,C4O8,15.8106
2171,Ag3Mg3Y3,0.88077
2172,Cs2S4Tb2,2.96457
2173,Bi1Dy1Ni1,6.24596
2174,Rh1Sb1U1,0.603802
2175,Hf1Pt1,3.36852
2176,K1Mn1Te2,0.9123
2177,La6Rh8Sn26,1.00955
2178,Hf2Pt2,5.40683
2179,Co8Ge26Y6,1.89488
2180,N2Os1,28.0224
2181,Er2Ni1Sn6,2.1584
2182,Cd1P1Pd5,1.9373
2183,Cd1Pt1,4.70489
2184,F4Mg2,6.68321
2185,Ag1N1,3.04944
2186,Rh8S12,3.63561
2187,Ho4Si4,7.85138
2188,P1Sn1,8.75021
2189,Ca1Cd1,3.93396
2190,Cl8Li4Zn2,1.13141
2191,Ca6Co8Sn26,0.422065
2192,C1Re1,32.1183
2193,Ca2Pt4,3.89337
2194,H2Hf1,2.83377
2195,Mn2Sn4,5.12253
2196,Dy2Se4,4.26463
2197,Au2Ti6,7.10722
2198,Hf3Ir3Sn3,3.50809
2199,C1N2,127.968
2200,In8Pd2Sr2,0.854459
2201,Cd4Na4Sb4,0.611519
2202,Br2O8Y6,2.68295
2203,C1Ru3Sc1,22.9149
2204,Ge4Th2,2.20725
2205,Te1Zr1,12.9991
2206,Ni2Zr2,3.18895
2207,Ca1P2Rh2,7.72269
2208,O12Sb4Zn2,4.52183
2209,Bi4Cs12O12,0.296848
2210,Ir6Th14,1.34903
2211,Rh4Sb4Tb4,2.03357
2212,Be5Fe1,35.9199
2213,B8Be4C8,31.6826
2214,As4Sn2Zn2,2.37036
2215,Ni4P8,6.97147
2216,Mg1Pt1Sb1,2.69682
2217,Pb6Tb10,2.01516
2218,Ni4Zr2,4.39129
2219,Ba1Cl2,1.59276
2220,Ag2Li2,0.604212
2221,Tc1,59.058
2222,F1Li1,9.97636
2223,As2O8Sc2,7.49817
2224,La6Tl10,0.608399
2225,P3Ru3Zr3,8.34587
2226,Au3K2,0.525211
2227,Ga4Ru2,8.4996
2228,Hf8Ni2P2,3.00346
2229,Ir8Si4,5.61714
2230,Au5Ca1,2.30785
2231,Ho2Zn4,3.15952
2232,Cl4La4Se4,1.9965
2233,Mg2Se2,2.62973
2234,Cu2Ge2Tb1,5.56247
2235,P12Pd4,2.57365
2236,Nb6Rh6,4.36179
2237,Cd2La1,2.68293
2238,Pt12Tl8,0.825858
2239,Os8Sc22,1.63804
2240,B1Rh3Tb1,9.7425
2241,Au4Ca12,0.669899
2242,Cd1La1,3.11887
2243,Ir3Pa1,13.7575
2244,La14Pt6,0.780245
2245,Ca1F2,5.76855
2246,As8Hf4,5.79361
2247,In2Sb2,1.94572
2248,Al4Ho8,2.96462
2249,N1Tb1,35.4666
2250,Pd6Te4,0.866806
2251,Li1N1Zn1,18.7899
2252,Cu2Dy2Si2,7.78039
2253,Cd1Gd1,3.88838
2254,K8Sn46,0.146734
2255,Re1Ti1,8.9481
2256,Au1Mn1Sb1,1.49086
2257,Dy4Re8,1.8923
2258,Pt3Sn1,2.47312
2259,La4Si4,6.1934
2260,Co2Ge1Zn1,10.6235
2261,Fe1O2Sr1,11.087
2262,Li2Nb2S4,11.0262
2263,I6Pb3,0.584295
2264,F12Pb2Zr2,1.17742
2265,La1Se1,8.0507
2266,Ag2Al2O4,4.10466
2267,Ca1F6Sn1,2.92353
2268,Tb1Tl1,1.87783
2269,Cr2N2Nb2,26.4276
2270,In1Pt2Zr1,1.1837
2271,Dy4Os8,1.84665
2272,Mg4O8,9.78385
2273,B28Mo12Y4,9.9522
2274,C8Cs1,28.1623
2275,P1Pt1Tb1,5.77548
2276,Pt3Sn3U3,2.01265
2277,Ga6Mn1Tb2,2.14373
2278,H12Mg4Na4,2.25774
2279,Cu6Dy6Sb8,2.23844
2280,Ba2Cr2S4,2.64122
2281,F3Pd1Rb1,2.84654
2282,Pd1Sn3Sr1,0.753227
2283,Mn1Rh2Sn1,5.34893
2284,N1Ti1,68.8785
2285,Hg1Mn1,1.19396
2286,Dy1Rh2Si2,12.1903
2287,Cd6Er2,1.28087
2288,H2Tb1,9.61757
2289,Ag4K4O4,0.691056
2290,Ag4F12K4,0.540943
2291,Bi1Lu1Ni1,5.71905
2292,H2Y1,14.4738
2293,Na8S4,0.907487
2294,Ba8Bi6,0.581747
2295,Ba2Bi2O6,3.25923
2296,Cd1O6Pt3,3.78171
2297,In9K1Ni2,0.753239
2298,Ni4Sb4Tb2,1.26347
2299,Ba1Cd1,2.05258
2300,Bi4Th2,1.90579
2301,La1Rh3Si2,10.8431
2302,C8Si4,16.662
2303,Ir4Mn4Si4,4.97859
2304,Cu2In1Sc1,3.51917
2305,C8Si8,28.6541
2306,Ge6Ir7Mn4,2.97643
2307,Na12S12Sb4,0.779651
2308,Ca8Pb4,1.09935
2309,Cu1Dy2Ge6,3.84805
2310,S1Sc1,15.0129
2311,Er4Ge4Mg2,5.16782
2312,Ga2Mo6,12.169
2313,Pb3Th1,0.338472
2314,Cs2I6Te1,0.438525
2315,S8Ta12,5.99459
2316,Er4O14Sn4,4.27273
2317,Zn1Zr2,7.2779
2318,C1V1,96.1928
2319,In3Ni2,3.2379
2320,C4V8,13.2291
2321,Dy3Pt3Sn3,2.91049
2322,As4Cd2,2.21396
2323,Ge2Mn4O8,4.53693
2324,Co4Sb12,2.63431
2325,Cu2Ir4S8,2.30535
2326,La2Mg4,3.30268
2327,Ir2V6,12.9405
2328,Al1Mn1Rh2,10.9375
2329,N4,47.4827
2330,Al3Dy3Ni3,2.79558
2331,Ag2Si2Yb1,2.72167
2332,Al2N2,39.0432
2333,Al1Cu2Ti1,7.30709
2334,P2Sb2Ti4,8.25411
2335,Ba6O18Ti6,4.05023
2336,Al1Cu2Zr1,6.4612
2337,Tb1Tl3,0.665623
2338,Mg1Sr1,4.22988
2339,B4Tc2,50.2164
2340,Bi1Ho1Pd1,4.10256
2341,Hg1La1,2.09781
2342,Ir4Sr2,3.76234
2343,N2U1,11.6899
2344,Hf1Ru1,26.312
2345,In2Pd4Tb4,1.86987
2346,O14Pb4Sb4,4.30099
2347,Cd4Ho16Rh4,1.24315
2348,Be2Hf2,16.0243
2349,Cr1Si2,46.7959
2350,Al3Sc1,14.2961
2351,F3Pb1Rb1,1.07497
2352,Al16Ru7Zr6,2.77407
2353,Au2Hf2,5.24308
2354,Pt2Tl4,0.363046
2355,As2Nb6Te6,5.15097
2356,Ag1La1,1.45764
2357,Al9Ba1Ni2,4.13762
2358,Al8Er1Mn4,8.09491
2359,Cr1Dy4Ga12,1.72541
2360,Au2Cd2,0.540213
2361,Be2Ta4,23.8404
2362,H2Mg1Ni1,8.17608
2363,Co2Ga1Hf1,18.1245
2364,P1Zr1,25.8274
2365,Ge2La1Rh2,7.63824
2366,Mn1Te1,1.92182
2367,Cl6Pt1Rb2,1.3511
2368,O8Zr4,8.37363
2369,Al2O8P2,6.164
2370,N6Tl2,2.58524
2371,Al3Ir3Th3,3.087
2372,Hf10Sn8,2.94461
2373,P8Pt4,7.39102
2374,Rh8Sn26Sr6,0.564191
2375,Se8Ta4,4.1952
2376,As2Cu2K4,0.875228
2377,C2Re1,49.5945
2378,Al16Pt7Zr6,3.40706
2379,Au4S4Ta20,2.72587
2380,Ir5Th1,7.77149
2381,Na8Si46,1.3525
2382,F6K2Si1,2.62856
2383,Ga2Th1,9.53787
2384,I1Tl1,0.488967
2385,Cs1F1,0.923511
2386,K2Nb2Se4,5.06463
2387,Be1Te1,10.0176
2388,Cu2Sb2Sr2,3.42814
2389,B4Cr1,80.6931
2390,Sb2Sc4,5.29646
2391,Al2Hf2,14.1102
2392,Ba1O3Th1,8.21256
2393,Ca2O8Pd6,1.90335
2394,Er4O14Sn4,4.27273
2395,Ca3Ge1O1,8.64534
2396,La2Rh2,2.59552
2397,Bi4Mg2O12,2.57477
2398,Pt8Zr16,0.897416
2399,Hf4Pb4S12,3.01534
2400,As2Pt2Sr2,1.99819
2401,Cu8O6,0.710014
2402,Hg2Y1,2.15556
2403,N2W1,49.1319
2404,Mo12P4,6.2961
2405,Ru1Sb1V1,7.1977
2406,N2Sb1Th2,6.6404
2407,Al4Cd2O8,5.34032
2408,Ge4Ni8,1.8863
2409,Ce4Ge4Ir4,2.35879
2410,La1Os4P12,6.78431
2411,Be5Sc1,32.544
2412,Bi1Ho1,6.53478
2413,Bi4O12Rb12,0.572559
2414,Ho1Mg1,6.36478
2415,Ni2Ta2Te10,2.32505
2416,Al1Mn1Pd2,2.62667
2417,N3Ta3,17.2929
2418,Ba1Li1P1,5.13143
2419,Cr4Hg2S8,1.69273
2420,Ge2Hf2V2,10.4832
2421,As3Ru3Zr3,6.81657
2422,Ge8La4Li4,2.61384
2423,Cl2F12Pb7,0.675226
2424,Ag2In1La1,0.956782
2425,As12Rh4,3.73202
2426,Hg2Rh1,2.48734
2427,La2S4,5.10396
2428,Ru8Zr4,1.955
2429,Al1Ir1,25.107
2430,Fe1Ga12Tb4,1.96319
2431,O8P2Pr2,5.22204
2432,In1La1,3.68961
2433,B12Sc1,40.1159
2434,In1Li2Pd1,1.20253
2435,Ag4Ca4Sb4,1.39265
2436,Pd4Sr2,3.23128
2437,Ge1Se1,12.6016
2438,Al2O4Rb2,5.31359
2439,Ba2N4Zr2,5.23702
2440,As2Pd2Sr2,2.19356
2441,Au2La2Pb2,1.90867
2442,N2Sr2Zn1,5.27468
2443,Ge3Pd1Sr1,1.86086
2444,Bi4Li4Sr4,1.56568
2445,Na2O1,4.91614
2446,Al4La1,2.97362
2447,Ni4Pd4Te4,1.30691
2448,Be8V4,5.78233
2449,Mo1P1,45.0686
2450,Au2Sb2Yb2,1.73282
2451,As2Ca4,6.01471
2452,In1Mn1Ti2,0.923756
2453,C1Nb1,26.8897
2454,Ir6Mg18,1.52744
2455,Er4O14Ti4,6.62512
2456,Ca4Li4N4,4.27239
2457,As1Th1,8.14544
2458,Sc10Si6,8.43432
2459,Ba1Ir2P2,8.13818
2460,P4W2,20.5636
2461,Co4Sb12,2.60394
2462,Fe1Sb1V1,9.4013
2463,Al2Cd1Te4,2.2933
2464,Ce2Os4,1.24337
2465,B2V1,93.6017
2466,Br3Cs1Ge1,1.09442
2467,As8Pt4,4.02786
2468,Au8Zn24,0.311753
2469,As2Au2Ba2,2.24609
2470,O2Zn2,7.37973
2471,Hf3Mo3P3,12.2959
2472,Cd24N16,0.66735
2473,Ho1Tl3,0.456274
2474,B6Co2W6,15.5193
2475,K3Sb1,0.640055
2476,Ni2Sc1Sn1,5.89955
2477,C2Ga2Ti4,20.3144
2478,Au2Rb2Te2,0.835683
2479,Al3Ta1,20.9283
2480,Fe4Si4Zr4,11.0464
2481,F4S4Y4,3.0058
2482,Co4Dy4Sn4,2.77542
2483,La1Sn3,1.57155
2484,Au2Ho1In1,0.966895
2485,Ho1In1,3.56085
2486,Cd4O14Sb4,2.9836
2487,Bi8La6Pt6,0.729181
2488,Mg1Se1,11.9223
2489,B4C4Gd2,19.8115
2490,Ag2Dy2Pb2,2.00414
2491,N1Rh1,6.3068
2492,Er4Mg2Se8,1.39684
2493,S7Tb5,3.31136
2494,Cd1N1,5.80048
2495,Re8Zr4,2.97895
2496,C2Cs2Pt1,2.43896
2497,Ca2Ge4,4.27108
2498,Ge4Y4Zn4,4.34264
2499,Hf4La4O14,5.26227
2500,O4Si2,13.6454
2501,Si2,14.8449
2502,Os3Zr1,10.646
2503,Hg2Mg1,0.314324
2504,C4Co8Ta16,4.86547
2505,La16O24,1.46822
2506,C1Nb1,5.84683
2507,Ag1C1,0.868197
2508,Pb2Te6Tl8,0.437946
2509,Be6N4,38.6587
2510,S1Sn1,8.0644
2511,Ge26Ir8Y6,2.26526
2512,C1W1,6.44998
2513,Rh4Si6Y6,5.00075
2514,La3Tl1,0.817017
2515,Rh3Sn3Tb3,2.18837
2516,Cr2O8P2,16.0695
2517,Al3Ni2,13.3435
2518,Ba1O3Tb1,7.16706
2519,C2Ti4Tl2,11.5121
2520,Cd1Er1,3.68017
2521,Si4Zr4,13.7277
2522,B4C4Ca2,20.4665
2523,S12Sr4Zr4,2.7904
2524,Ni1O1,21.5038
2525,Ca4Pt4Sn4,1.0489
2526,Rh4Yb2,3.82443
2527,La3Pb3Pd3,1.53292
2528,Mn1Te1,6.01353
2529,Cu2Ho2Si2,7.6226
2530,Ho2Ni1Sn6,2.19898
2531,Al3Zr4,15.2362
2532,Nb6Si4,15.0675
2533,Ru8Si16,6.18898
2534,Cl2Hg2,1.03633
2535,As4Dy4Ni2,3.83688
2536,Al1Bi1,4.40742
2537,N2Nb2,29.2325
2538,Al12Re2,6.76476
2539,Ni2Rh4S8,1.55961
2540,Er6Ge26Rh8,1.56073
2541,P4,18.4595
2542,Ga8N4V12,5.62179
2543,Dy4Ge4Ni4,3.45402
2544,La2P4Rh4,5.13127
2545,P4Rh4Zr4,7.73714
2546,Cd1S1,5.70308
2547,K2N6,7.33008
2548,P4V8,10.519
2549,Cu2Se1,0.661273
2550,Au4Bi2Tb10,0.843526
2551,Pd4Si6Y6,4.07673
2552,Co2Ge1Mn1,14.6521
2553,Hf1Pt3,9.74129
2554,As7Mg6Ni16,1.39471
2555,Hg1Mg1,2.26162
2556,Sb6Si2Zr10,4.62615
2557,N4Zn12Zr12,4.0278
2558,P4Ti4,13.5532
2559,F4Ni1Rb2,1.79802
2560,Rh4Y2,5.35345
2561,Mn1Ni6O8,6.02782
2562,Ba3Co3O6,1.99198
2563,F6Mn1Rb2,1.58263
2564,As8Zr12,3.72625
2565,Cd26K2,0.220073
2566,Ga1Li1Mg2,1.94365
2567,Tl1Y1,2.14867
2568,Ba4Cu8Te8,0.628673
2569,Ca1Se1,10.1306
2570,B1Dy1Rh3,9.96102
2571,Al3U1,8.42758
2572,Ba1O3Zr1,14.012
2573,Er4Pd4Sn4,1.40725
2574,Dy4Re8,1.96345
2575,Al8Mg4,1.19206
2576,Eu2F8Mg2,2.44329
2577,P7Pd9Zr5,2.04678
2578,F3K1V1,3.42731
2579,Al4Er2,9.53999
2580,Cu1Mg1Sn1,2.15744
2581,Er1H1,9.43127
2582,Ir3N3,2.80254
2583,Cd6P4,1.04351
2584,Al1B1Be1,67.878
2585,La2Si4,3.24016
2586,Hf1Pd5,3.86585
2587,Nb4Pt4Si4,4.67846
2588,Rh1V1,12.4472
2589,N6Rb2,4.99295
2590,Ba1Ce1O3,7.51346
2591,Er2Si2,12.3078
2592,Ni1Sn1Ti1,8.93765
2593,S12Sn8,2.16694
2594,C1Rh1,12.0006
2595,Mg2S8Sc4,2.71121
2596,Ho1Ni2Si2,8.9937
2597,Ag2Dy1,1.88626
2598,Ni2Sn1Yb1,1.62399
2599,B4N4,47.6192
2600,Ce2Ni12P7,2.73303
2601,Hf4O4S4,5.46788
2602,Ba1,3.00786
2603,Ge3Hf3Mn3,5.82789
2604,Dy6Ge26Rh8,1.70786
2605,Pt2Sc2Zn2,3.64881
2606,Be8Re4,16.0888
2607,Cl6K2Mn1,0.739844
2608,C2Er1,10.0905
2609,As8Zn8,1.88182
2610,Co2Zr4,4.48544
2611,As12Co4,4.49766
2612,Dy2Ir4,7.17934
2613,Cu4In1Yb1,2.07909
2614,Ba1Nb1O3,11.8894
2615,Al2Ge2Sc2,6.95652
2616,C1Ru1,18.42
2617,P12Ru4Tb1,6.27663
2618,B2Y1,63.2266
2619,Hf12P8,4.41647
2620,La1Pd3,3.48336
2621,Sn2Zr6,3.21006
2622,In1Sb1,3.02331
2623,Al4Ho2,9.71003
2624,In1N1Tb3,8.78282
2625,Pt2Sn2,2.10653
2626,Dy12Os4,1.96641
2627,La6Te8,1.2467
2628,Er2H4,4.87245
2629,Ag1Ga1,0.881464
2630,Br1Cu1,1.07312
2631,Ge3Mn3Rh3,2.96821
2632,Hg1Pt3,0.26108
2633,Au1Bi1Li2,0.516167
2634,La1N1,24.2198
2635,In1Zr3,10.3661
2636,Dy1Ir2Si2,14.2256
2637,Hf2Pd1,8.0095
2638,Os4Se8,5.78844
2639,Ni2Sb4,2.97558
2640,Mo2N2,37.7592
2641,C1Lu3Sn1,9.89173
2642,Bi8Ce6Pt6,1.35003
2643,Ba3I6,0.314325
2644,Pd2Se4Tl4,0.324234
2645,Cu2Hf8P2,2.6045
2646,Se6,0.0931019
2647,N1Sc1,70.0922
2648,In3Pr1,3.85668
2649,Ga2Se4Tl2,1.40384
2650,Be6Cl12,4.02485
2651,C4Nb16Zn8,4.44282
2652,Ge2Os2Th1,10.1031
2653,Cs2Gd2S4,2.94447
2654,Co2S6Ta9,3.81112
2655,Er4Ir4Si4,5.37884
2656,Nb6Te8,4.0649
2657,As4Zr4,7.56445
2658,As1In1,4.3321
2659,Ag2Dy2Se4,1.70974
2660,Rh2Si2Y1,13.2643
2661,In4Rh2Yb2,1.54142
2662,Cs1F3Mg1,3.34248
2663,Sn4Y2,3.68175
2664,B6H6K2,10.454
2665,Ba2Pt4,1.65864
2666,P1Pt1Y1,6.92832
2667,Be8Fe4,28.6224
2668,Co4N12,13.573
2669,Bi2Ca4,3.69358
2670,Ca2Ir2Sn4,2.36425
2671,Co1Ti1,28.3162
2672,Mg2O12Ta4,8.94536
2673,Dy6Ge8,3.25765
2674,B8Os6Sc2,12.5849
2675,Cu1Mg1Sn1,0.402978
2676,Ru4Si4,12.9984
2677,Al1Co2Ti1,213.507
2678,Cu5Nd1,6.53662
2679,B2Ta4,29.4818
2680,Cd1Cs1F3,1.63207
2681,Bi4Ir4Se4,2.96507
2682,Al1Fe2V1,31.4323
2683,Ag3Er3Ge3,3.19612
2684,Al4Li4O8,8.098
2685,Ge4Pt4Zr4,4.56597
2686,Li4O10Si4,10.3396
2687,Bi16O24,0.526131
2688,Rh1Yb1,4.84541
2689,Ag2Ti2,5.10615
2690,Cu2O3Sr1,5.34777
2691,Ca3Cd3Pb3,1.07169
2692,Al6C6Gd2,15.5586
2693,N1Pd1,7.1347
2694,Ge6Ir7Y4,4.91547
2695,As1Mn1Pd2,1.34173
2696,Ru1Ti1,37.9796
2697,Al3Pr1,20.2019
2698,Al10C6N2,13.2743
2699,Al1F6K3,1.23651
2700,Hg1Pd1,1.83017
2701,Ga10Pd2,1.07668
2702,Er2Mg1,4.40438
2703,C2O4,47.0631
2704,As6V10,4.88944
2705,Ho4In2,2.70017
2706,Sn2V6,2.96193
2707,Ba3O1Pb1,2.4635
2708,Dy2Te4,2.07149
2709,Al1Si1Sr1,10.2376
2710,Pd2Ti1,3.16581
2711,Al1C1Gd3,9.83536
2712,Cl8Mg2Na4,0.91383
2713,Au2Sc1,3.6584
2714,C12Ce8,6.54563
2715,Br24Cs8Te4,0.24536
2716,Yb1Zn1,3.1159
2717,B4Ta6,21.3692
2718,Mn6Sn6Zr1,1.40832
2719,Br1Na1,1.3306
2720,Hf3,14.7496
2721,Ge26Rh8Tb6,1.70127
2722,Dy4Pd4Sn4,1.44784
2723,Au1Mn1Sn1,1.13732
2724,Cd3Dy3Ga3,3.33026
2725,La1P2Ru2,13.0847
2726,Ag1Yb1,0.763001
2727,In2Li1Rh1,2.54831
2728,B4Co4Re4,6.86801
2729,Ge4Ru4Tb4,2.29582
2730,B4Mn1,68.7164
2731,B2Ru3Tb1,8.26671
2732,O14Sn4Y4,4.5744
2733,Au6Ho6Sb8,1.24937
2734,Ca2Zn2,1.62682
2735,I1K3O1,1.1755
2736,As1Pt5Tl1,2.12786
2737,Rh6Sn6Zr6,2.63753
2738,Cr4O8,8.31568
2739,Si8Sr4,2.59932
2740,Ge2Mo6,11.909
2741,Ca2Ga4P4,4.80333
2742,Au1Si1Th1,8.67995
2743,B1In1La3,5.50418
2744,Ca4O8Pb2,3.10819
2745,Be24N16,16.1629
2746,Ge4Sc2,6.85761
2747,Co2P2Ta8,8.85837
2748,H3Li1Sr1,1.54969
2749,Au4Dy8,0.998892
2750,Pt4S4Sb4,1.64111
2751,Cu4Mg1Y1,4.56618
2752,Cd2Ge4Tb4,3.36995
2753,Au2Ba1,1.27186
2754,H24U8,1.45192
2755,Ag2In1Mg1,0.931927
2756,Cr2K2O4,8.42349
2757,Rh8Si10,5.15148
2758,F2Gd2S2,5.8914
2759,In1Te1,0.706838
2760,Ge4Ir4La2,2.82858
2761,Ge2Rh2Sr1,7.8396
2762,F3K1Pd1,1.89438
2763,N2Re1,15.6876
2764,B24Os4Y8,11.7724
2765,Na2O8Pd6,1.81151
2766,Si2Ta4,13.7945
2767,Ga9Ho3Ru3,2.92529
2768,Os2Si2Tb1,12.8169
2769,Pb2V6,2.05604
2770,Cd1F3K1,1.73222
2771,Cd1O1,6.92665
2772,Ba2Mo6Se6,3.76865
2773,P2V2,38.4159
2774,Ba1Pt1Si3,6.46168
2775,Ga1N1,27.8922
2776,Ho1Pd2Sn1,1.92516
2777,Ag2O4Y2,2.29628
2778,In3Sc1,1.57452
2779,Hg6Yb2,0.180828
2780,Ga4Ta6,8.98879
2781,Ge4Ho4Ru4,2.85276
2782,Al2Pt1,3.90818
2783,N1Nb1,79.184
2784,B8Ru4Y4,9.68317
2785,P2Rh2Sr1,7.12133
2786,Pd4Th4,1.09233
2787,As2Cr2,4.611
2788,Be26U2,12.048
2789,Al3Pt3Th3,2.41881
2790,Ba4Ca4Pb4,1.05157
2791,Be1Ti1,33.5126
2792,Ge4Ir4Tb4,3.41538
2793,Cl24Cs8Pb4,0.156605
2794,Mg8Tb4,1.57817
2795,Ho4Mg8,1.40506
2796,Ba2Sn2,2.07477
2797,Cl4Pd1Tl2,0.661356
2798,Bi2Cu2Sr2,2.39852
2799,Ni4Sc1Sn1,1.61775
2800,Cr2F6K2,1.85145
2801,In3Rh3Y3,1.85101
2802,Cd1Ho1Ni4,2.8081
2803,Se1Sr1,6.92184
2804,C4Zn12Zr12,3.82638
2805,C1Pb1Y3,11.828
2806,Al2Cu4Re4,5.52323
2807,H6Pd2Ti4,3.07578
2808,Gd1S1,9.75186
2809,Se1Yb1,6.83574
2810,Ba2Cu4Sb4,1.59952
2811,Pd4Sb4Se4,1.29034
2812,Na4O8W2,6.76355
2813,Ba4S12Zr4,2.19048
2814,B1Sc3Sn1,16.0004
2815,Pd4Sb4Zr4,1.63264
2816,Be44W2,11.866
2817,Cu3N1,3.30319
2818,B4Ni12,3.21242
2819,Co2O2,4.85589
2820,Ca1Pd5,2.70005
2821,Rh4Sr2,1.57174
2822,Cu2Ga2Zr2,6.28372
2823,Be1Pd2,5.80362
2824,Al1N1,60.2181
2825,F2Hg2,1.33384
2826,Au1Be5,18.1344
2827,Dy1In3,2.72553
2828,In4Rh4Tb16,1.52328
2829,C6Mo6,12.3094
2830,Hf4O14Y4,6.43897
2831,Ag1Zn1,1.06593
2832,S4Ta2,9.51009
2833,B2Co3Y1,57.2399
2834,Co1Sb1Ti1,13.4071
2835,La10Si6,2.34161
2836,O14Ti4Y4,7.51764
2837,Au4Ca2,0.557281
2838,F3K1Mn1,2.97467
2839,As2Ti6,4.25998
2840,As2Sb6Zr10,3.17827
2841,C6N8,52.063
2842,Dy1Pt3,4.32304
2843,In3Pd3Y3,1.42712
2844,Co1Ta1,24.3372
2845,Gd1Hg1,3.13847
2846,Ba2,1.81851
2847,Sr1Te1,2.38108
2848,Ge3Pd6,1.28032
2849,Al8Hf12,4.01457
2850,Na1O3Ta1,17.7321
2851,N8Re4,5.39565
2852,C2Ge6Mo10,5.58414
2853,W4Zr2,11.6196
2854,Cd6Sc2,0.901495
2855,F6Na1Sb1,2.72595
2856,C1Mn3Zn1,3.73525
2857,As2Ba1Pd2,2.96232
2858,Pr1Te1,3.63328
2859,C1W1,44.9704
2860,Ir4S8,5.1415
2861,Ga2In2Te4,1.6112
2862,Ho1Pd3,4.79181
2863,C1Mo1,86.7079
2864,Cu2O4Y2,3.18158
2865,Er4Ge6Ir7,4.68856
2866,N2Ti4,20.4284
2867,Ag2Al2Se4,1.29014
2868,Mn3N1Zn1,6.2486
2869,Au6Sb8Tb6,1.24604
2870,Dy1Pd3,4.62863
2871,Ge6Os7Sc4,4.41566
2872,Au2Dy2Sn2,2.13215
2873,Ru1Si1,23.9342
2874,Hf2O8Si2,10.9772
2875,Co4Si6Zr6,11.5526
2876,B8Rh8Th2,4.11897
2877,Ag1Mg1,2.76908
2878,Cl4La4Te4,1.67783
2879,Dy2Hg6,0.468047
2880,Sn2Te10Tl4,0.501814
2881,Cl4K2Mg1,1.35403
2882,F6Sn2,1.91754
2883,B24Ru4Y8,12.1372
2884,O8Pa4,18.0263
2885,Bi1Sc1,6.46014
2886,Ce4Rh12Si1,1.82451
2887,Mo1Si2,49.6447
2888,Ag1Nb1O3,12.2468
2889,Br1Li3O1,5.08135
2890,Cr4Ga2N2,25.5787
2891,Ge6N8,6.0348
2892,Cu3In3La3,1.34108
2893,Dy4Ru4Si4,3.74136
2894,In3U1,2.01203
2895,Dy10Ru4,2.03415
2896,As4Ba4Cd2,1.47876
2897,Si2Ta4V6,3.80653
2898,Na4O12Sb4,3.77467
2899,Ni4P4Ta5,7.39717
2900,Au4La4O12,2.32446
2901,Ca6Hg4,0.653701
2902,Os2P2Sr1,9.74165
2903,Br10Pb4Rb2,0.538374
2904,As8Cu24,0.67521
2905,As8Si4,2.61752
2906,Bi1Er1,6.34074
2907,Ir2Sb2,4.94213
2908,C2Co1Ho1,19.0767
2909,Al1C1Er3,3.45882
2910,Mn2O6Y2,5.55972
2911,Ce2Co2Si4,7.56027
2912,Ba1O3Pa1,3.79553
2913,P1Th1,11.5485
2914,Er6Ge8,3.43789
2915,In14Pt6,0.873517
2916,B1Rh6Ti2,7.97306
2917,Al2Y2Zn2,9.09529
2918,In4La4O12,2.63292
2919,C8Na4,10.5093
2920,Ga2Hg1Te4,1.70975
2921,Fe1H6Mg2,9.51518
2922,Ga2La2Zn2,5.02865
2923,B2Ir3Th1,12.9078
2924,Ge4Pt4Sr4,0.89351
2925,Ge2Pt2Th1,2.95718
2926,Sb6Yb10,1.33347
2927,Hf2,19.0675
2928,Nb2O4,15.7693
2929,B2O8Ta2,17.4699
2930,In1Pt5Si1,3.10674
2931,Cl1O4Rb1,3.66355
2932,Be1Cu1,14.4144
2933,Si4W6,5.99699
2934,Cl6Cs2Te1,1.04363
2935,Pd2Tb2,3.01664
2936,Ge2La1Pt2,2.57277
2937,F2Pb1,2.03195
2938,Er8S12,2.89489
2939,Cd3La3Pd3,1.20834
2940,Al4H12,8.34334
2941,Er2Ge2Sn2,4.01305
2942,P2Rh3,6.18974
2943,Ge1Mn1Ni2,1.25593
2944,Ag1Bi1Li2,0.93917
2945,Si2Ti2Y2,10.3242
2946,Ir4P4Sr4,1.99826
2947,Au3Ho3In3,1.79303
2948,O2Se2Th2,6.7443
2949,Ru1Sb1Ta1,11.0054
2950,Li9N1S3,4.59086
2951,O6Sr2Zr2,10.3146
2952,Dy4In2Pd4,1.86754
2953,Ge4In2Tb4,2.57995
2954,Ga4O8Zn2,6.06248
2955,Ge4Th6,3.43381
2956,Ge6Ho2Ni1,4.59022
2957,Mg5Pd10Si16,2.00146
2958,Cr3Nb1,9.69749
2959,Dy1Os2Si2,12.4415
2960,Rb8Sb8,0.314214
2961,Os2Sb4,8.64304
2962,As8Sc12,3.52077
2963,Au2Sc2Sn2,2.38023
2964,C1Ge1Ni3,4.30191
2965,Pt1Sn1Th1,4.44481
2966,Hf3P3Ru3,7.39492
2967,Au2K2Se4,1.09795
2968,Er3Pb3Pd3,1.71859
2969,Ge4O24Se8,3.33296
2970,Cu2Nb6Te8,1.97817
2971,Ag2Hf2,4.06398
2972,Al4Pd20,0.991279
2973,Gd2O8P2,6.54379
2974,As4La2Rh4,3.14009
2975,Au3Dy3In3,1.81321
2976,O4Sn2,6.18729
2977,Al16Hf6Pd7,3.28446
2978,Cd1Dy1,4.36636
2979,Cr1O2,19.0136
2980,Dy4Ge4Pt4,2.55101
2981,N1Pt1,2.04803
2982,B4W4,22.284
2983,C6Cr3W20,5.20027
2984,Ce2O8V2,4.55947
2985,Nb1Ru3,16.2367
2986,In4Sr2Te8,1.00722
2987,Ca2Cl4,1.47214
2988,Mg1Ni2Sn1,4.31094
2989,Mn1Pt1Sb1,3.14393
2990,Cd2In4O8,2.42846
2991,K4Na4Te4,0.593697
2992,In2Pd6,1.89354
2993,Cl6Pt1Tl2,0.892226
2994,Sn4Sr8,1.15473
2995,Er2Ga2,6.85328
2996,Ir4N8,14.3253
2997,Be2Zr1,33.7366
2998,Si6Tc10,7.96718
2999,Mn2Se2,3.11908
3000,Hf2Zn1,13.5649
3001,O2Pb2,3.91442
3002,Si82,1.48582
3003,Ga2Ho6O12,3.59613
3004,Nb8O10,8.71805
3005,Hg2Ho1,1.92911
3006,Ag2Si2Sr1,3.44799
3007,As1Nd1,13.4709
3008,Ga2Tb2,6.53973
3009,Ce2Rh2,2.03371
3010,Au3In3Yb3,0.788106
3011,Br4,1.64337
3012,Au3In3La3,1.21836
3013,Ag2Br4Cs2,0.270806
3014,Au2Sn8,0.459713
3015,Ga4Ho4Pt4,1.22799
3016,Al1Sb1,6.82809
3017,Pt2Th2,2.22373
3018,Ag2Yb1,0.991956
3019,Cd2Cr4S8,1.91918
3020,Ge12Pt8,1.60387
3021,Hg1S1,1.75868
3022,Ir8Mg4,2.29146
3023,F6Na1P1,4.56798
3024,Al2Mo6,13.9255
3025,Ni6Sb2,2.12233
3026,Br3Ga1La3,1.85009
3027,Al4Li4,6.64929
3028,Ba2N2Zn1,2.92311
3029,Dy1N1,34.9622
3030,As8O12,7.92942
3031,Br6K2Se1,0.653829
3032,Ca2H6Ru1,6.93015
3033,Ca1Mn7O12,1.77403
3034,O8Si4,19.1748
3035,C1Ge1,19.6338
3036,Ba4Ca4Sn4,1.42025
3037,Br1Cs1,0.430412
3038,Hf1Pd1Sn1,6.96467
3039,Ho10Sb6,1.81032
3040,Ge4Ho4Rh4,3.01225
3041,Dy4O14Sn4,4.15721
3042,B4Nb3,38.7651
3043,Cu1Hg2Zr1,1.01794
3044,Mo2Se4,10.9601
3045,P4Ru2,20.7771
3046,B1Sb1,24.123
3047,Ta30,2.70884
3048,Cl4Na4O12,2.29745
3049,Ba2O14U4,4.72901
3050,Cr3Si6,19.9543
3051,Al2O6Y2,9.92536
3052,Ac1H2,6.30193
3053,As2Cu2Sr2,4.28626
3054,Pd3Yb1,1.18048
3055,Hf1O3Sr1,15.1081
3056,B2V2,67.7273
3057,Na2Te1,1.73958
3058,P4Sc12,5.17823
3059,Al3Rh3Th3,2.66402
3060,Cd2Te2,1.0799
3061,Ga12Ho4Ni1,2.75047
3062,As4Mo5,8.43969
3063,Br12K4Te2,0.431564
3064,Ag2Be4,9.18372
3065,Cd2In4Se8,0.66152
3066,Al2N2Zr4,14.2322
3067,Ge2Ho1Ni2,4.6955
3068,F4H2K2,2.22407
3069,Rh1Zr1,2.27039
3070,Ni2Si2,11.2384
3071,B12Ho1,38.01
3072,Cr2,3.00771
3073,Si4Th4,4.08407
3074,B8Er2Rh8,4.76312
3075,As2Co2S2,10.7794
3076,S10Zn10,1.94311
3077,O8Sn4,4.7526
3078,C4Sn2Ti6,13.2501
3079,Sr2,2.94654
3080,Rh2Te2,1.71526
3081,Cr2O8Tb2,6.18622
3082,Dy1Sb1,9.3838
3083,Ba6Ge10,1.33826
3084,In2La4Rh4,1.55122
3085,Ag1Cu4Nd1,0.88941
3086,Ni6S8,2.15776
3087,P1Y1,24.88
3088,Pa1Rh3,8.26408
3089,Na6Sb2,1.08012
3090,Bi1In1O3,5.54031
3091,As4K12S12,0.620319
3092,Nb6Ni16Si7,3.90445
3093,Pt6Si3,1.10811
3094,Hf2O6Sr2,10.0884
3095,Bi1Ho1Ni1,6.23927
3096,Pd1Ti1,1.40112
3097,Ca2In8Pd2,0.831256
3098,C1Dy3Ga1,2.79703
3099,Ir2Mo6,9.14857
3100,La1Os1Si3,10.9121
3101,As2Ca1Ru2,8.82452
3102,Cl6Cs2Se1,1.02532
3103,Ag1P1Pd5,1.64219
3104,As1Ga1,3.39934
3105,Ca1Pb1,3.75318
3106,Cu1Ni2Sn1,1.60187
3107,La2O2Te1,5.815
3108,Au4Ca4Pb2,0.873753
3109,Dy2Ir4Si4,4.27282
3110,Er3Ir3Sn3,2.59384
3111,Mo6Si4,7.53103
3112,F24Na4Sb4,1.00097
3113,Al6Ca6Si6,3.69663
3114,Ca2Si2,9.69596
3115,F3K1Zn1,4.0117
3116,C2Nb2,32.0512
3117,Ag4Mo2O8,1.5752
3118,B14W2Y6,14.3809
3119,P1Pd5Tl1,1.94313
3120,Au4Tb8,0.969947
3121,C12Yb8,3.36359
3122,Br1K1,0.842662
3123,Ge2La1Ru2,9.1075
3124,C20,27.6836
3125,Pd2Sr2,2.2687
3126,Nb8Ni2P2,9.23004
3127,O2Zn2,5.94554
3128,In1N1,10.9721
3129,Cs2Hf1I6,0.621899
3130,Cl8Li6V1,1.36051
3131,Al8Er8,3.5155
3132,O2Pd4,0.287144
3133,Hf2O6Sr2,10.2726
3134,Ni4S4Sb4,2.9803
3135,Cd2Cr4Se8,1.13475
3136,Hg8I16,0.276021
3137,Ir4Sb4Se4,4.19975
3138,Al4Mn2S8,3.13183
3139,Al8Tb8,3.55813
3140,As1Pa1,10.8664
3141,Ca2O8Tl4,1.58178
3142,Au1Zn1,1.36482
3143,Tb2Te4,2.90293
3144,Ge4Pd4Zr4,4.56309
3145,Ga4Sr1,2.48124
3146,B2P2,65.9963
3147,Au2Si2Yb1,2.33444
3148,Ga3Zr1,10.1803
3149,F1Rb1,1.08407
3150,Ag4Na2,0.642048
3151,O14Pt4Sb4,1.88474
3152,Al2Ru1,32.2489
3153,Ca3O1Sn1,7.7961
3154,N1Pa1,18.0307
3155,Ge2Pd2Tb1,2.62715
3156,Br2In2,0.82337
3157,O4Pt2,0.262206
3158,Ho4Pd4Sn4,1.37031
3159,Cu2Ge2La1,5.24461
3160,Ir2N2,17.9594
3161,Al24Ir8,2.45706
3162,La2Pd6S8,1.48947
3163,Pd2Si2Th1,6.85966
3164,Al40Ti4Yb2,2.08898
3165,Al4Ru2,15.7209
3166,Al3B6Ni20,1.45764
3167,Mo4P4Rh4,7.24741
3168,B1C7,99.2224
3169,Al4Pd4Tb4,1.58928
3170,As8O12,10.0756
3171,Al4Co2O8,9.26437
3172,Pd2Ta2,8.52727
3173,Ca3Cl3P1,3.90016
3174,Ba6Bi2N2,0.933655
3175,P4Rh4Ta4,3.56041
3176,C1Dy3Sn1,8.94069
3177,Co3Fe1,11.433
3178,O9W3,13.4881
3179,P1Sc1,29.5211
3180,Rb2S2,0.844109
3181,Cd2Sb4Sn2,1.0997
3182,B2Mo4,22.5078
3183,Al1Au2Mn1,1.37962
3184,C2Sc2,9.94608
3185,La1Ru1Si3,10.5006
3186,Ba2Li2P2,3.91441
3187,Al32Ni24,2.51939
3188,Al16Cu36,0.774145
3189,Ge4Pd4,1.50496
3190,Ba4Ce4O12,2.79546
3191,Li1Mg1P1,5.08274
3192,Al4Se8Zn2,2.41942
3193,Bi2Ti4,2.32477
3194,Ba6S10Ti2,1.90489
3195,Ge4La2Ni2,4.07087
3196,Si2V6,8.3227
3197,C1Os1,14.9742
3198,Ce1P1,12.7541
3199,C1Pu1Ru3,6.60007
3200,Cd1Sc1,5.25896
3201,W8,11.6707
3202,In8Pt12,1.49349
3203,Cu2Sn2Y2,5.31827
3204,Rh1Ti2,21.9605
3205,Co1Sc1,19.4033
3206,Au2H6Ti6,3.88707
3207,Cs6Hg40,0.0137347
3208,Co3Ga3Hf3,4.73586
3209,Ca8Si4,3.00097
3210,B4Ti4,41.5771
3211,Ag1Cu4Er1,0.893898
3212,La1Ni2Rh3,5.42294
3213,Ag1Cu4Tb1,1.32006
3214,Hf4Tc8,1.31063
3215,Sb6Tb8,1.8898
3216,Sb2Sr4,2.54954
3217,Ca10In4Sb12,0.936596
3218,Al16Os7Sc6,3.99043
3219,Dy16In4Rh4,1.6031
3220,Mg1Pd1Sb1,3.06506
3221,Nd1P12Ru4,6.60441
3222,Cd1Cu4Yb1,0.709588
3223,Ru2,42.7524
3224,Te4Zr4,4.13816
3225,Fe4S8,10.2701
3226,Pb2Pd4Tb4,1.2204
3227,Au2In2O4,1.704
3228,Au2Si2Tb1,3.25656
3229,N4Os2,11.7081
3230,Sn3Th1,0.968624
3231,Ce1P12Ru4,7.71232
3232,Ag2Th4,1.18724
3233,Sn2Ta6,1.59843
3234,Ge3Os3Zr3,8.23499
3235,Al2Sn6Zr10,4.38274
3236,C1Ga1Ho3,2.79809
3237,Cl1O4Tl1,1.9836
3238,Ir2P1,12.8231
3239,Si4,12.063
3240,Er4Ge4Ir4,2.02365
3241,Co4In2Zr4,4.69468
3242,La8Sb6,1.82853
3243,Ce4O12Sr4,3.31914
3244,As4K4Ni2,1.36354
3245,Sn2Te6Tl8,0.471544
3246,Ga6Hf10,4.22919
3247,Dy2In2Pt4,1.7557
3248,Be5Hf1,23.606
3249,Li6N2,6.20457
3250,La3O7Ta1,6.99383
3251,C1Tb3Tl1,0.997857
3252,Pd2Si2Sr1,3.74831
3253,B6Ta5,22.339
3254,Cl4Zn2,3.49317
3255,Dy2Ge2Sn2,3.98028
3256,P4Ru8,4.80392
3257,Rh2Zr2,4.01195
3258,Nb6S12V2,7.57013
3259,Ho8Sb6,1.81406
3260,Bi1Dy1Pt1,4.34093
3261,Er1Tl3,0.372102
3262,Ir4Sb12,2.73017
3263,Al4Au4Sr2,1.23527
3264,Cl1Cs1,0.722104
3265,Be44Tc2,12.4139
3266,Ba1C2,6.04298
3267,Lu1Pt3,4.2309
3268,As4Co4Nb4,5.77787
3269,Au4Ho1,0.925799
3270,B2Mo1,43.5796
3271,O8Si2Zr2,11.5675
3272,Cd2Er4Se8,1.05954
3273,In4Pd8Zr8,1.46006
3274,Cl8U2,2.68205
3275,Ge4Hf4Rh4,4.79478
3276,Co2Si4Tb2,7.0285
3277,Al2Hg1Te4,2.10439
3278,Au6La6Sb8,1.15258
3279,Bi1Ga1,2.91541
3280,Ir3U1,12.1322
3281,Mn4O14Tl4,1.85878
3282,As1La1,12.4377
3283,P1Pt5Zn1,3.27815
3284,As1In1Pt5,2.77195
3285,I2Li2,0.39688
3286,Er3Pd3Tl3,0.789699
3287,In1Yb1,1.54544
3288,Be4Ta6,13.2563
3289,B6Ni2W6,14.6877
3290,Ba8Ge4,0.827227
3291,Be26Tb2,13.0592
3292,N1Rh1,21.0524
3293,I4Pb2,0.883902
3294,Ag3Er3Sn3,2.01364
3295,Cr4Mg2O8,6.63248
3296,B8Nb7Ru6,11.9008
3297,H2Pu1,2.38881
3298,S8Th4,2.2684
3299,Nb4Rh4Si4,9.39808
3300,Sb1Sn1,1.76885
3301,P4Pt10,1.85286
3302,Ag4Dy4Se8,1.18594
3303,B4Ti3,52.7568
3304,Ca1O1,24.3778
3305,Sr2Tl4,0.697961
3306,S1Sr1,4.58969
3307,Ho4Os8,1.78066
3308,Al4Au4Y4,2.49023
3309,Ge1In1Li1,4.4654
3310,B1Sc3Tl1,9.29973
3311,B8Re2Th2,16.923
3312,Cd1Y1,4.77278
3313,Ir4S4Sb4,5.12668
3314,C2Na2Pd1,5.55749
3315,N8Re4,15.5165
3316,Dy4Pt4Si4,3.54814
3317,Tl1Yb1,0.857055
3318,Li5N2Na1,2.01148
3319,Se12Th8,1.66223
3320,C1La3Pb1,6.1254
3321,Hf2Ni4,6.04035
3322,Rh2Th2,2.81029
3323,Pu1Se1,5.44778
3324,Ni16Si7Ta6,4.01082
3325,Cu2K2Te2,1.49648
3326,Be1Te1,12.2154
3327,Cu1Ga2,2.6483
3328,Os4Sb12Sr1,1.92288
3329,Cd1Yb1,2.37308
3330,Ir4P12,7.57087
3331,Hf1Ni2Sn1,5.13884
3332,C6Nb16Zn8,4.10982
3333,Se6Sn2Tl8,0.477816
3334,Sb6Y8,2.08844
3335,Hg6Y2,0.466969
3336,La1P1,16.8618
3337,Ge1Mn3,3.96202
3338,B1Pd3Yb1,0.839139
3339,Br1Cu1,0.919985
3340,Er3Sn7,1.74102
3341,Cd1N1Ni3,4.80128
3342,Li1Mg8Si4,3.03173
3343,Tc2,33.4878
3344,Ir6Mo2,13.7374
3345,Dy4Mg8,1.4885
3346,Al4Fe6Si8,8.27137
3347,Cr6Si2,8.30376
3348,Ir4Mg4Tb16,1.38409
3349,Ca2Pd2Sn4,1.29084
3350,P1Tb1,20.4592
3351,La1Mn1O3,9.48942
3352,Cs12O12Sb4,0.343002
3353,Li23Sr6,0.511623
3354,Al16Rh7Sc6,3.31205
3355,Se1Th1,9.69772
3356,B2C4N2,119.645
3357,Au1Ho1Ni4,3.74243
3358,Cu2In1Zr1,5.51684
3359,F4Ni2,4.30782
3360,Ag2Au2F8,0.848277
3361,Re8Tb4,1.55916
3362,P12Rh4,6.75602
3363,Os1Si3Th1,8.76443
3364,As2Mg2Na2,3.06517
3365,Br1Rb1,0.557021
3366,Li1P1Sr1,7.2056
3367,Au1Gd1,2.34303
3368,Al6C6Dy2,16.1469
3369,K2O1,1.76563
3370,Ba8Sn4,0.722268
3371,Cr4P4,5.05641
3372,Ru6Si4Y2,9.34912
3373,Ge2Ho2,7.77519
3374,Al4O8Pb2,6.38406
3375,I2La2,3.37823
3376,Ni2Si2Th2,3.16182
3377,Nb4P4V4,10.8971
3378,B8Ho2Rh8,4.70194
3379,Sb8Zr10,2.40615
3380,Ir8S12Sn12,0.953218
3381,Au2Ga2Zr2,4.32467
3382,Dy10Rh6,1.13594
3383,Ca2Ge2Zn2,5.24124
3384,Er2Pt4,4.33478
3385,Be26La2,12.1913
3386,Au4Cr1,0.833799
3387,Be4N8Si4,26.3103
3388,F8Zn4,2.59549
3389,La1O3Ti1,3.68015
3390,Hf2Si2V2,10.7395
3391,C1Na4O4,2.32809
3392,F6Si1Tl2,1.02404
3393,Au2Ti1,2.71885
3394,B12Ni1,25.6914
3395,Al1F4Rb1,4.43993
3396,Rh4Si4Ti4,6.35475
3397,Fe4P4V4,13.0072
3398,Ni4Tb2,6.23261
3399,Au1Cu4Tb1,0.535983
3400,Sn8Th10,2.00044
3401,Ca4O12Tc4,4.57881
3402,Co2Ni4S8,0.912407
3403,Ge1Th1,9.95447
3404,Ni2S6Ta9,4.1157
3405,Er2S4,5.91779
3406,As4Ge2Mg2,2.299
3407,Bi4Ir4S4,3.50156
3408,C4Cr12Nb12,7.34533
3409,Be1Ni1,21.5661
3410,Ga4O12Te2,5.29373
3411,O4Ti2,13.0947
3412,Al4C6Th4,8.41329
3413,Ge2W1,22.5716
3414,Sn4Y4Zn4,2.8673
3415,Fe1O1,9.91425
3416,O4Pt2,7.22307
3417,In2N2Ti4,12.393
3418,Ga6Hf6Nb4,6.1472
3419,Ag4Ho4Se8,1.25585
3420,O12Sn4Sr4,2.90029
3421,Hf4Pd12,2.89994
3422,Au4La4,0.591976
3423,Ag2In1Li1,0.62658
3424,Cs8Te4,0.151365
3425,Er5S7,3.48177
3426,Be4C4N8,43.885
3427,In3La3Pt3,1.49162
3428,Pd4Sb4Te4,1.16225
3429,Co1Zr1,15.6361
3430,Hg1Yb1,1.65136
3431,Au2Si2Y2,3.51909
3432,Al1Ge1Li1,10.7519
3433,Ba2Sn2Zn2,1.99162
3434,Bi4Pb4Pd8,0.481477
3435,Te2Zr2,8.4239
3436,Rb1,0.224737
3437,Fe2Te2,6.9898
3438,Ir8N4Zr16,2.96578
3439,C6Nb8Si2,12.1439
3440,B3La3Pt6,1.8117
3441,La1Sb1,7.95617
3442,In8Ni2Sr2,1.11726
3443,Au1Cd1Sb1,0.602338
3444,Si4Sr2,5.40423
3445,B2Fe4,11.0313
3446,Ca6P6,4.2295
3447,Hf1Rh1,4.60807
3448,Ba4Hg8Tl8,0.123133
3449,Ge2Sc2,9.61119
3450,Li4O12Sb4,4.32974
3451,Cu2F8Sr2,1.81352
3452,Hf1Ni2Si2,9.32441
3453,O8P2Y2,8.73884
3454,Mg6O6,3.47269
3455,Cu1Er1,6.2748
3456,Co2Sb4,5.81571
3457,C2N4,78.8432
3458,Cu2In2Se4,1.28928
3459,Ca2Cu2F8,2.58803
3460,Ca1F6Pb1,1.72865
3461,Al1Ca1Si1,12.4227
3462,Ge2Mg4,3.34629
3463,K2Zn26,1.24571
3464,C1Dy1Rh3,7.71114
3465,C1Rh3Yb1,7.47604
3466,B4N4,63.0449
3467,C4Nb16Rh8,1.86104
3468,Er3Ga9Ru3,2.89002
3469,Hf4P2Sb2,7.22786
3470,Os6Th14,1.32973
3471,Ag2Cr4Te8,0.10648
3472,Ga1Mn1Ti2,2.48344
3473,Au2F8K2,1.15775
3474,Os1Zr1,27.7837
3475,Sb4Se12Tl12,0.294795
3476,Th6Tl10,0.639532
3477,C1Ti3Tl1,31.3673
3478,Ag1Cu4U1,1.32989
3479,Hf1N1,40.4833
3480,Er3In1N1,9.52523
3481,Be5Pd1,23.6882
3482,Bi1Li3,3.0313
3483,Co4Sb12,2.60167
3484,Ho2In1Ni2,4.07935
3485,Ca1In1,3.74338
3486,Mo3P3Zr3,12.9971
3487,Fe1Pd3,6.07267
3488,Au2Er1In1,0.877964
3489,As4Co4S4,7.6791
3490,Pd3Tl1,1.70548
3491,Cu1Ni2Sb1,2.46569
3492,Pt6Sc4Si4,4.72565
3493,In2La2Pd4,1.67289
3494,Hf4O28V8,3.23817
3495,Cu2Hf10Sn6,2.75404
3496,Mg1S1,19.5612
3497,Cd1Zr2,7.37794
3498,In4S12Sb4,2.10131
3499,Cu4S8,2.19457
3500,In3Mg3Y3,4.30806
3501,Ni8P8,3.83088
3502,B8Nb4Ni4,15.5525
3503,Al6C6Tb2,15.871
3504,O24Y16,2.65982
3505,Cu2Li1Si1,4.60526
3506,Fe4P4Ta4,11.2691
3507,Ba1F3Li1,3.90182
3508,Cd1Na2Pb1,0.718605
3509,Ge1P1,13.439
3510,Eu1Se1,7.29372
3511,C8,145.01
3512,Al2Ni1Zr6,7.37992
3513,Hg2In4S8,0.939312
3514,Er4Ga12Pd1,2.38831
3515,As4Cd6,0.540605
3516,Cl4Na4O12,2.48018
3517,H14Th2Zr4,1.62186
3518,Co2Mn1Sn1,4.13052
3519,Be26Mg2,13.4032
3520,Pt6Th14,0.814413
3521,Ag2Ge2La2,3.38542
3522,O12Sr4Tb4,1.6612
3523,Au2In1Tb1,1.17634
3524,Ru3Si3Zr3,10.8946
3525,Er1Pt3,4.72332
3526,Hg3Zr1,0.569409
3527,Ru4Si4Y4,3.80828
3528,Bi6Sr8,0.721455
3529,Au2Ba2Sb2,1.94955
3530,Si2Sr2Zn2,5.33563
3531,Er1Pd3,4.85286
3532,Ho1In3,2.63072
3533,Bi4Ni4Se4,1.63881
3534,Pt2Sb2,1.63947
3535,Au1Mn1,2.64704
3536,As4Pd8,1.02986
3537,O24Sc16,4.23674
3538,Fe8Ta4,2.53686
3539,Cu3Nb1Se4,3.96601
3540,Al8Zr12,4.67496
3541,Ag2Ga2O4,2.33078
3542,I1K1,0.551868
3543,Bi1Th1,4.17671
3544,Bi8Pt4,0.67946
3545,N2Ru2,14.9565
3546,Mg4Si2,1.5409
3547,As1Sn1,5.88588
3548,Ca2Hg6,0.23846
3549,O3Sr1Tc1,19.1747
3550,As4Ho2Ni8,1.62541
3551,B2N2,81.9493
3552,Br6Cs2Sn1,0.439707
3553,Au2Ho2Sn2,1.99889
3554,Mn3P3Rh3,3.56305
3555,Ho3Rh3Sn3,2.50927
3556,As1Er1,14.8379
3557,As8Hf12,3.21159
3558,Li1Pb1,0.897914
3559,B8Ir6Zr2,6.88581
3560,Au2O4Y2,1.79906
3561,Er1Te1,3.44195
3562,B1C2Sc2,22.7385
3563,Rh8Sn26Th6,0.74901
3564,Ba2Zn26,1.17453
3565,Ca4Cd8,0.922849
3566,C2Fe12W12,3.25838
3567,Dy2O8V2,6.29261
3568,O8Pd4Y2,3.61057
3569,Cr4La4Se12,1.90356
3570,C2Dy1Ni1,21.1463
3571,I1Rb1,0.545854
3572,As8Zr4,4.6084
3573,Hf6Sb6,4.34719
3574,Fe6N2,2.61952
3575,Ga1Ru1,15.1707
3576,Te2,1.28703
3577,Si4,16.384
3578,Te1Th1,10.6111
3579,Cd1Er1Ni4,3.1229
3580,Al1C1Y3,16.7498
3581,P12Rh4,6.77339
3582,N1Ta1,63.907
3583,Mo1N1,9.2544
3584,Al36Mg6Mo4,2.16865
3585,N2Y2,10.4679
3586,In3Pt3Y3,1.67478
3587,O3Sn1Sr1,8.68576
3588,Ba2Pd4,2.49092
3589,Li4Na4Te4,0.965333
3590,Ag8Ba4Te8,0.365636
3591,In2Pt4Y2,1.91676
3592,Ba10Sb8,0.702012
3593,As1,7.55152
3594,Au1Cd1,0.60503
3595,Ga3Hf1,8.73998
3596,As4Na12Se12,0.651693
3597,N4Re2,32.1459
3598,Ba1Ni1Sn3,2.16947
3599,B6Dy1,10.5437
3600,Zn44Zr2,0.972147
3601,Er1Se1,3.86289
3602,Cs6Ni2O4,0.488223
3603,Al4Y8,4.07048
3604,Dy3Pd3Tl3,0.83677
3605,As1Ga1,8.00236
3606,Cu4Dy4In2,1.50375
3607,Pd3Y1,5.23858
3608,Ni1Sn1Th1,6.15588
3609,Hf6Si4,9.74129
3610,As4Dy4Pd4,2.61748
3611,Te2Ti2,1.51401
3612,Pd3Zr1,6.77029
3613,Cu2Er1Si2,8.86544
3614,Ge4Rh4Y4,3.56002
3615,Hg2Pb2Sr2,1.02997
3616,Ga8Nb10,5.94737
3617,Se2V2,5.82609
3618,H4In4O8,4.3398
3619,Cd1Se1,3.89621
3620,Ge4Pt2,3.38191
3621,As1Th1,6.31044
3622,Dy1Mg3,5.11888
3623,Fe2V6,4.60574
3624,Er1P2Ru2,14.5871
3625,Ho2Si2Ti2,8.15451
3626,O2Rb2,1.46816
3627,Au1Mg1Sn1,2.13756
3628,Pd8Si4Tb4,1.84059
3629,Pd2Zr1,4.23752
3630,Ce1O2,13.8996
3631,Bi6Tb10,1.33802
3632,As4Cu2Y2,5.05027
3633,F6S1,3.39163
3634,In3Th1,1.99566
3635,Ce2O8Si2,6.57371
3636,N1V1,100.748
3637,Au4In2Tb4,1.24114
3638,Dy1Ni2Si2,9.4319
3639,La1Pb3,1.26841
3640,Al16Hf6Os7,2.78922
3641,H6Li2Pt1,6.4911
3642,Pd8Sc16,1.54736
3643,As1Dy1,14.5115
3644,Au1Mn2,2.6582
3645,Pb3Pr1,1.73445
3646,Ir4P8,9.87307
3647,La1Se1,4.98039
3648,Hf4O12Sr4,5.40067
3649,O1Zn1,16.3307
3650,Au8Ga4,0.358585
3651,Hf1S2,16.4838
3652,Mg24N16,4.40645
3653,Er4Pt4,1.95345
3654,Ba4Ge8S20,1.0394
3655,Ag2Al1Sc1,1.73563
3656,Cd4O8Rb8,0.492799
3657,Cd2Lu4S8,1.94935
3658,O6Sn2Sr2,5.80732
3659,H1Li1,9.01672
3660,Cu7Hf6Zn16,1.23997
3661,Br3Cs1Hg1,0.344431
3662,Ba1H3Li1,5.92114
3663,K1O3U1,10.4189
3664,B2N2,79.4965
3665,Cl6Rb2Se1,1.22776
3666,Mo2O12Rh4,4.68684
3667,La4Pb2Pd4,1.15991
3668,Ca4O12Si4,6.79762
3669,H4Sr2,3.66762
3670,B2N2,80.1051
3671,Ge2Ir3La1,8.42849
3672,Ni2Tb2,3.35582
3673,Al4Sc2,13.6244
3674,Nb8Ni2Si2,10.9058
3675,Ag1Br1,0.636344
3676,Na4Pd2Se4,0.945913
3677,Be1Se1,19.6594
3678,Ca24N16,1.73152
3679,Hg33K3,0.0118133
3680,La2Sn2,3.94736
3681,Lu1Ru2Si2,11.0676
3682,Cs4Na8,0.131432
3683,As4Ni4S4,3.73886
3684,Rh6Te4,2.197
3685,Ca1O3Ti1,21.6331
3686,Os1V1,20.3989
3687,V1Zn3,6.06174
3688,Al6Pt6Zr6,3.13026
3689,Cl8Cu8,0.440031
3690,Rh6W2,9.36741
3691,C2In2Ti4,16.2248
3692,Al3Hf4,13.4608
3693,Ge4Th2,5.04758
3694,Fe1H6Sr2,4.42377
3695,As4Os2,12.8316
3696,Al1Ni1,18.0075
3697,Rh4Th2,1.42795
3698,Ag1Dy1,3.90426
3699,Au1Ga2,0.763058
3700,N8,4.03275
3701,Rh4Si4Ta4,8.25439
3702,Hf4Re8,3.24299
3703,Er6Ru4,2.35743
3704,K2Mg5Sn3,1.07708
3705,Al3Ho1,10.7542
3706,Co4Sb12,2.63641
3707,Er1Ru2Si2,12.2204
3708,C8Gd4Mo4,7.97902
3709,Au2K2Se2,0.907973
3710,Au1Y1,4.65739
3711,Ca3Ir4Si4,3.41592
3712,Al6B4Ru8,7.86864
3713,Nb5O9Sr2,8.16702
3714,Be26Ca2,17.9306
3715,Al16Hf6Pt7,3.16526
3716,Au4Ho10Sb2,0.942801
3717,Rh4Si4Zr4,8.0171
3718,Cu4Si4Ti4,4.70732
3719,Ir4Zr2,12.4754
3720,O2Pb1,1.96155
3721,C1Sc1,28.7652
3722,S4Ta2,10.7394
3723,Fe8Ta4,2.71277
3724,Er1Ir2Si2,13.9523
3725,C8Na8,2.427
3726,Co4Se8,3.61835
3727,Rb12Sb4Se12,0.3037
3728,Ca2In4,2.17208
3729,Dy1In1Pd2,2.32477
3730,Au3In3Tb3,1.86926
3731,P8Rh4,8.20638
3732,Br6K2Sn1,0.457705
3733,Bi4Pd6S4,0.709859
3734,Pd16S7,0.417194
3735,Al2Th2,9.33101
3736,Ag2Ho1In1,0.995523
3737,K1P2Rh2,9.1131
3738,Ru8Tb4,0.455998
3739,Cd2In4S8,1.13508
3740,Ca1P2Pd2,4.24899
3741,Ho2Sn4,3.13065
3742,Al2Cl8Cu2,1.72822
3743,Hg2Zr6,5.04883
3744,Pb2Pd4Y4,1.3742
3745,Ga6Hf6Pd6,2.36025
3746,Ge2La1Pd2,3.26914
3747,As4Mo5,9.89648
3748,Tl1,0.223914
3749,Os6Sn14,0.814501
3750,Al3Pd3Y3,2.29082
3751,C8,88.1928
3752,Co4Sb12,2.59135
3753,Al3Mg3Y3,6.97072
3754,N1Y1,10.5322
3755,Cl1Cu1,0.476112
3756,Ag1Gd1,1.39617
3757,Ag2Ho2Sn2,2.86455
3758,Cu1Y1,7.99639
3759,Ge6Tb10,3.49659
3760,As12Co4,4.57531
3761,S8Ti4,4.20153
3762,La2O2S1,7.93424
3763,Mn4Nb4P4,10.0886
3764,Mn1Pd1,4.58067
3765,Be1Cs1F3,1.9971
3766,Th4Zn2,1.78761
3767,La3O12P3,5.40539
3768,Cd4Ge4Sr4,1.55148
3769,Au1Ge1Ho1,2.81341
3770,Hg4Sr12,0.26684
3771,Ca3O1Pb1,6.14242
3772,Mn4O14Sb4,3.67755
3773,C2Li4O6,11.8313
3774,Ba4Hg4S8,0.91409
3775,Dy8O4S8,2.56402
3776,Dy4Re8,1.92621
3777,Er2Ga4Ni2,3.55176
3778,Lu1Pb2,0.957325
3779,Ca1Se1,1.16375
3780,N1Nd1,21.1341
3781,As8Th6,3.46542
3782,N6Ta2Th2,13.0905
3783,Ru8Zr4,1.97565
3784,P12Rh4,6.79603
3785,Al8Er2Ni2,5.1415
3786,La1Pt3,2.5548
3787,N1Zr1,41.6588
3788,As1Fe1Li1,16.2594
3789,Au4V2,1.38202
3790,C4,206.237
3791,Fe2N4W2,16.2671
3792,Te1U1,8.90632
3793,Al2As2,7.30144
3794,Al4Cu2Mg2,4.85163
3795,Al3Ho3Ni3,3.48817
3796,Si2Sr4,2.54809
3797,Ag4Ca2,0.854237
3798,Hf12N4Zn12,3.49893
3799,Mg2Ru2Sn8,2.39277
3800,C2S2Zr4,17.7584
3801,F2Ti1,7.44727
3802,Al2Ir1Li1,8.64435
3803,In4Pt2Sr2,1.4988
3804,Li2Pt4,4.25117
3805,Ga4Os2,8.81801
3806,Pd4Sn4,1.23528
3807,Mn4P4Zr4,8.23614
3808,P7Ru12Sc2,4.80397
3809,La2Pt4,3.0161
3810,O28P8Th4,1.73068
3811,Ir4Tb2,7.06737
3812,Ga2Pt6,2.01782
3813,S1Se1,1.49382
3814,Ga9Os3Tb3,2.87509
3815,Na2O8Pt6,2.23931
3816,Cd1Ni4Tb1,2.67373
3817,Al2Si2Y2,10.8823
3818,Al1C1Tb3,2.00545
3819,Bi12Ni4,0.614822
3820,Cu2Sc1,5.68982
3821,C2Pb2Ti4,9.22084
3822,Ni8Sc16,1.85045
3823,Ni3Si1,9.16237
3824,Si40,2.79358
3825,B16C16Mg8,11.3868
3826,W1,60.8815
3827,Er1Ir1,8.50438
3828,Au1Tb1,3.66941
3829,Ge1Mn1Rh2,3.91436
3830,Mn1Pt3,4.54753
3831,O2Ti6,6.73611
3832,Ce2Ir4,11.7621
3833,O1Pb1Sr3,3.77771
3834,Cu1Li2Sb1,3.68519
3835,Be1Co1,35.5396
3836,Ca2O6Ti2,14.4852
3837,I6Pt1Rb2,0.453758
3838,Al3Y1,12.1137
3839,Al1Cu2Hf1,6.12275
3840,Ge4Th2,4.62231
3841,Ir2La1Si2,15.9343
3842,Ge4O8,8.57184
3843,Ir4Si4Y4,6.09447
3844,Au5Rb1,0.612997
3845,C4W8,11.7493
3846,C1Hf1,63.6972
3847,H2Sc1,19.1495
3848,Pt4Sb8,1.82766
3849,In1La1Pt4,1.89952
3850,Br4Na4O12,2.4991
3851,O8Th4,4.12168
3852,Ag2Te4Y2,1.93804
3853,N16Zn24,2.32996
3854,Al4Au4Dy4,1.97041
3855,B12U1,32.4242
3856,Au4La8,0.637761
3857,Cl2O2Y2,5.58495
3858,Fe2P2Ta8,5.48031
3859,Ru2V6Zr4,4.41297
3860,Er4Pt4Zn4,1.37378
3861,O12Sb8,5.77343
3862,Cr2O8V2,11.8175
3863,B4C4Dy2,21.1098
3864,Co2K2O4,3.41067
3865,Er1Pt1Sb1,5.821
3866,Li2Pd4Sn12,0.535446
3867,Mn1Rh1,10.5712
3868,H2Ho1,10.173
3869,Mg1Tb2,4.649
3870,Al3Li1,7.1534
3871,C4Os2,26.3381
3872,Fe8Ta4,2.28389
3873,P8Th6,4.60575
3874,Al1Ni3,4.62072
3875,Cs2Na2S2,0.927923
3876,As1Ge1,8.30883
3877,Ge6Y10,4.46761
3878,Er1P1,20.7511
3879,Cd2La4Rh4,1.28679
3880,Cu2Fe4Ge4,3.93539
3881,B2Li6N4,12.0855
3882,Ca4Pb4Sr4,1.20689
3883,C4N4Zn2,1.50738
3884,B6Yb1,14.9926
3885,Dy4Rh4Zn4,1.29803
3886,C8Er8Re4,6.14303
3887,Ba2Pd2S4,1.48968
3888,Ga4Mg10,1.34829
3889,Re10Si6,5.15328
3890,Mo12N4Pt8,4.86061
3891,Co2In4Se8,0.94661
3892,Hf4Pd4Si4,5.97439
3893,Ca2H4,5.5968
3894,H4N4Sr4,3.44335
3895,Ca6Ge26Rh8,0.97593
3896,Hg4Sr6,0.466483
3897,N8Re4,12.4336
3898,Rh3Zr1,14.3826
3899,Sn8Sr2,0.51492
3900,In1Mn1Pd2,2.11036
3901,Bi4Pd10,0.624915
3902,Cu4Hf3Si2,5.92195
3903,As4Ir4La2,3.50875
3904,Pt7Sb1,0.813297
3905,Mg1Pd1,4.12035
3906,S12Sn4Sr4,1.40428
3907,Ge6La4Li4,3.14684
3908,Ba1Os4Sb12,2.2938
3909,Br6Cs2Dy2,0.316612
3910,Al2N6V8,11.762
3911,Pt3Zn1,2.85416
3912,Pd4Sb8,0.782125
3913,F3Rb1V1,3.31094
3914,C4Nb12Ni12,4.68593
3915,C1Zr1,67.4411
3916,Mg4P6Rh7,3.78393
3917,Al40La2V4,2.21014
3918,Ca10H2Sn6,1.56658
3919,Cu1Li2Sn1,2.73586
3920,C2Y1,12.9193
3921,Ba1Cu3O4,3.57166
3922,Au2Hf1In1,1.44263
3923,Cu2In1Y1,3.39449
3924,Bi2Li2Zn2,1.21502
3925,Ca8Sn4,1.70693
3926,Al6C6Ho2,16.161
3927,Be26Dy2,12.9931
3928,F6Rb2Si1,1.93847
3929,B1Os1,55.6781
3930,Al7Cu16Zr6,2.49352
3931,Ba8Si46,0.681803
3932,Cd1Cu2Zr1,4.91248
3933,As16Mg24,1.16847
3934,Ba2Cu2Sb2,2.67353
3935,Ho1Pd1Sb1,0.679423
3936,Ca4N8O24,6.49476
3937,Tb6Zn23,1.20656
3938,In6S8,0.661433
3939,Ge2Ni4O8,5.28083
3940,Cs4Pt2,0.300135
3941,Cu2In1Mn1,2.36892
3942,Au1Zr2,6.88627
3943,Cd2S8Sc4,2.05915
3944,Ag2Ho1,2.02152
3945,Rh2Si2Tb1,12.3463
3946,Ho2Rh4,5.07051
3947,Al4La10Ru6,1.54783
3948,F6Hf1K2,3.17752
3949,Ca2O6Pt2,5.58614
3950,As4Ni2,3.28618
3951,Ag12Na4S8,0.362498
3952,Se8Y4Zn2,1.73594
3953,B12Zr1,38.9539
3954,Rh1Zn1,11.1235
3955,O4Pd8Zr16,0.700895
3956,As2Ti2,6.39553
3957,Hg4Th2,1.60964
3958,Nb2Se8,5.70477
3959,Ho1Sb1,9.65912
3960,Sb1Sn1,3.36605
3961,Al2K2O4,5.56473
3962,O2Rb1,2.06442
3963,Dy4O14Tc4,5.00051
3964,N3V6,17.0269
3965,F20K2Y6,2.04597
3966,Rh4Tb2,4.84791
3967,Mn3Nb6O11,4.85083
3968,Ge2Mo1,25.5413
3969,Ru8Sc4,1.14613
3970,Al36Mg6Ti4,1.96025
3971,In1Pd1,1.82806
3972,Ge26Lu6Rh8,1.4542
3973,Ga2Sn6Zr10,4.37046
3974,In1N1Sc3,15.1759
3975,Ge4,5.79048
3976,Er1Sb1,9.80851
3977,Ba2Hg2Sn2,1.45368
3978,Ge26Ru8Y6,1.54334
3979,Au1Hf2,7.7815
3980,N1Ni3Zn1,4.46541
3981,Bi4Rh4Se4,2.36114
3982,Au4Yb1,0.530069
3983,Pd3Tb1,4.65134
3984,Ga2Pt2Ti2,3.71072
3985,N8Ta4,3.44403
3986,C1W1,60.4251
3987,Ni3P3Rh3,3.58545
3988,Ru4Tb12,1.67669
3989,Co1Ni1,7.35292
3990,Ba2S6,2.83248
3991,Fe6Ge6Hf1,2.75182
3992,C4Ni8Ta16,4.62983
3993,Be2Hf1,29.4752
3994,Ga3Ir3Th3,2.31651
3995,Cs1F3Yb1,2.04399
3996,Cr4Ti2,9.90962
3997,Cd3Er3Ga3,3.409
3998,La1S1,7.03168
3999,P1Pu1,12.3923
4000,Ru10Si6,7.29071
4001,Ba2Hf1S4,3.77141
4002,Fe2Si2Tb1,15.1588
4003,Dy6Ge26Os8,1.69906
4004,Ca12Hg4,0.509638
4005,Pt3Ti1,9.66877
4006,Dy4Ge4Ru4,2.67883
4007,Os8Tb4,1.72713
4008,Ce1Fe4P12,8.93987
4009,Al4Au4Ca4,1.28149
4010,Ge2Ru2Tb1,7.49316
4011,Ca2F4,3.24777
4012,B4Mo4,29.1569
4013,La2Pt2,2.43181
4014,As1B1,47.6931
4015,Cl6Sn1Tl2,0.551358
4016,Cd2Ga4O8,3.00631
4017,H2W2,22.2359
4018,Au1Lu1Sn1,3.55069
4019,Li1Pt1,5.66839
4020,C16Si16,17.7287
4021,Ca4Mg8,2.11926
4022,Re3Si3Zr3,14.296
4023,Ag1Hf2,7.89318
4024,Au1Sc1,5.82201
4025,O1Zn1,11.632
4026,Pd4Si4Zr4,6.7752
4027,Pb1Te1,1.17683
4028,Br1Rb1,0.78782
4029,Dy1Hg1,2.39767
4030,Ba6Mn2N6,0.460238
4031,P12Rh4,6.75614
4032,Ir4La4Si4,1.37671
4033,O8P2Sc2,12.7395
4034,Ag1F1,0.404559
4035,Au3Rb2,0.486594
4036,Ni2Si2Tb1,9.12666
4037,Au3In3Y3,2.03425
4038,Nb6S12Sn2,5.53349
4039,Fe2Nb8P2,9.62027
4040,C2Nb4P2,21.2101
4041,Ho4Rh4Si4,4.41608
4042,Au1Dy1,3.80521
4043,Co2V6,12.1667
4044,Nd1P1,15.581
4045,Er4Hf4O14,5.98782
4046,Hg4O14Sb4,2.0121
4047,Ag3Er3Ge3,0.843711
4048,C2Ho1Ni1,20.88
4049,S8Sn2Sr4,1.59124
4050,Al1Sc1,13.5515
4051,Ru6Si4Th2,7.26441
4052,Mo1P1,19.4741
4053,Rb2Se1,0.973149
4054,Ho2Ir4,7.16704
4055,Pd4Y4Zn4,0.818441
4056,Be26Sb2,7.74314
4057,Ge2S4,6.16115
4058,Ru2Si2Tb1,13.2014
4059,B6Hf3Ni20,2.36242
4060,Fe2Te4,5.59294
4061,Ba3Cl6,0.736002
4062,C4Hf12Zn12,3.47672
4063,B6K1,32.3132
4064,Bi1Ni1Sc1,7.0677
4065,Al4Ca2,7.4802
4066,K16Sb8Sn2,0.336695
4067,Be8W4,18.0705
4068,Re2,35.0688
4069,As1Ba1Li1,4.2689
4070,In2Te4Tl2,1.07071
4071,In3Y1,2.71196
4072,Bi2Cu2Yb2,2.1278
4073,O2Pd2,3.02912
4074,Bi2O2Se1,3.51302
4075,C12,127.091
4076,C4N8,60.036
4077,Au36In16,0.116457
4078,Au1Li1Sb1,0.131085
4079,Pt3V1,6.84777
4080,C8,146.956
4081,Cd2La2Tl2,1.39371
4082,Cu1Mn1Sb1,3.97886
4083,Al3Yb1,8.13867
4084,K8Si46,1.36355
4085,Ge26Ho6Rh8,1.5934
4086,Er4Ga4Rh4,1.16209
4087,K1Nb1O3,12.7733
4088,Co2Hf1Sn1,8.32087
4089,Cu1Ga1Pt2,3.43674
4090,Ga12Ho4Pd1,2.32731
4091,Al1Cr2,15.2638
4092,Co8N4Ta16,4.58214
4093,Pb1Pu3,2.12734
4094,Al2N2,37.4828
4095,C1Tl1,2.90536
4096,I1Rb1,0.367039
4097,Pd2Sn1Tb1,1.00417
4098,Cl2Sr1,2.00874
4099,As3Mn3Ru3,4.28864
4100,K2O12Os4,7.51321
4101,Cl4Mg2,1.42745
4102,Au4S2,0.142596
4103,Mn1Pt1Sn1,2.30522
4104,Co2Sn1Ti1,3.67036
4105,Ba4Ir4P4,1.90938
4106,B4Ta3,29.3237
4107,Li1P1Zn1,11.3266
4108,Bi1Co1Zr1,9.04135
4109,Mg1Se1,3.88662
4110,C1Ru3Ta1,18.9528
4111,Al4Au4Er4,2.04486
4112,Cs2N4Nb2,3.50971
4113,Ni1,32.3688
4114,Al1P1,19.362
4115,Sb8Th6,2.4873
4116,Hf5P7Pd9,1.95839
4117,Ge2Mg4O8,8.56027
4118,Ga3U1,9.41715
4119,Er1Sn3,0.635161
4120,Bi1O2,5.05798
4121,B2Ca1,43.6953
4122,Hf2Ni4Sb2,3.99908
4123,Al1Cu1Ti2,6.26188
4124,As4Rh8,1.80675
4125,Au2Sn1U1,0.642032
4126,O2Sn1,5.86964
4127,As4Rh4Ti4,4.51782
4128,Er2Ni12P7,2.77588
4129,Br4Mo4S4,6.04888
4130,Hf10Sb6Zn2,3.1339
4131,O12Pb4Sr4,1.72959
4132,Ir3Sc1,13.4782
4133,Ga2Ge2Li2,2.72754
4134,Tl3Y1,0.572749
4135,Ag2Er2Sn2,2.85643
4136,Os2Si2Y1,13.4606
4137,Ba1F2,2.8326
4138,Cd1P1Pt5,2.37478
4139,Mg24N16,4.43222
4140,Cu2P2Sr2,5.57176
4141,Ga3Mg3Y3,5.83419
4142,Br2F2Sr2,1.98967
4143,B1C2N1,187.621
4144,Au6Ca10,0.642865
4145,Br2Tl2,0.3249
4146,Ba1Pd1Si3,5.50489
4147,Cd2O8Rh4,2.28708
4148,Ho1P2Ru2,14.7885
4149,Ce2Ge6V2,5.58928
4150,Al8Hf4,8.44045
4151,C1Li4O4,6.5548
4152,Co2Ta4,8.43775
4153,Cd2S8Y4,1.80276
4154,H1K1,2.25259
4155,Au12Zn4,0.411514
4156,Co2Fe1In1,9.14975
4157,Mn3Sb1,2.74435
4158,Ge6La8,2.63757
4159,Pt4Ta2,5.10075
4160,Cd2Dy4Se8,1.04931
4161,Ge6N8,7.73662
4162,Ge4Ho4Mn4,3.76825
4163,Si6,7.2813
4164,Bi4Cr4O12,3.78178
4165,Se12Tb8,2.01399
4166,Dy4O14Ru4,4.26953
4167,H2Pd1Zr2,4.09036
4168,Ce1Os4P12,7.71658
4169,S1Th1,4.37343
4170,Al1C1Dy3,13.965
4171,B4Co4W4,15.9685
4172,Bi4K12Se12,0.455595
4173,C4H4,50.2858
4174,Al1Mn1Ni2,10.4247
4175,Er6Os8Si26,3.31543
4176,Pb26Rh8Sr6,0.325357
4177,B8Os4Tb4,9.48568
4178,Ga4Li4O8,4.67502
4179,Ni1Zn1,6.45847
4180,Li3Si3Y3,7.45875
4181,Al36Mg6V4,2.43746
4182,Al1Hf1Ni2,3.56834
4183,Ho3Sn7,1.78674
4184,Ho4Os8,1.68806
4185,Ag1F3Zn1,2.57892
4186,Al2Er2Zn2,6.53584
4187,Pt4Yb2,3.06005
4188,Cu6Sb8Tb6,2.33773
4189,Hg1Te1,1.19772
4190,Cu2La1Si2,8.66599
4191,C1Cr1,92.2822
4192,Cu6Sb8Y6,2.39774
4193,Ge1Mg2,10.8709
4194,As1Sc1,18.3405
4195,Gd3In1N1,7.9262
4196,Er4Fe1Ga12,1.97578
4197,Eu1F2,3.45762
4198,Ga1Sb1,4.9879
4199,Be1S1,41.9976
4200,Hf1Rh3,14.0859
4201,O24Si12,4.68816
4202,Cs1H1,1.22114
4203,In4K1,0.755701
4204,Al8Zr4,10.6079
4205,C1Ga1Y3,14.6446
4206,Ru1Sc1,12.6336
4207,Cd4P8,2.00221
4208,Al8Co2La2,6.36347
4209,Er1Rh5,6.21426
4210,K12Sb4Se12,0.449864
4211,Ca6N6V2,6.7652
4212,Be26Pa2,11.5074
4213,Be1O1,68.0806
4214,As2Ca1Mg2,6.99156
4215,Ir6Zr10,2.18011
4216,O6W2,15.3918
4217,N2V2,18.5801
4218,Na1,0.92445
4219,Bi1Ni1Y1,6.50141
4220,La1Pd5,2.55141
4221,Co4Dy4Sn4,3.08714
4222,C8,166.925
4223,Al8Dy1Mn4,8.09772
4224,Ca2Sn2Zn2,2.98148
4225,Ga4S8Sr2,2.7113
4226,Ag1Cu4Dy1,0.583335
4227,Br3Cs1Sn1,0.656047
4228,In1Li1Sn1,2.0846
4229,In1Ni2Tb2,4.33489
4230,Al3Hf1,18.0594
4231,K1,0.395712
4232,Os2Si2U1,15.9746
4233,O14Sn4Tb4,4.11772
4234,Cu4Mn1Sn1,2.94325
4235,As8Zr4,6.32943
4236,Au1Sc1Sn1,3.66029
4237,Bi4Pd4Se4,0.823729
4238,Ca1Sn3,2.81985
4239,O3Sr1Zr1,14.8962
4240,N8Ni4O24,1.67057
4241,B6Ir6Mg6,4.0235
4242,Sb1Y1,10.5588
4243,Ge26Ir8Yb6,1.1444
4244,Er4Os8,1.74336
4245,Pt6Sc6Sn6,1.99927
4246,Ho4Mg2Se8,1.32939
4247,Ir4Te8,2.56708
4248,B6Y1,13.567
4249,Bi1Y1,6.52194
4250,Cr2P8,13.7047
4251,Ag2Pb2Tb2,2.0501
4252,Pt1Sb1Yb1,1.00753
4253,Ga1Ni2V1,5.6256
4254,Pt4Tb2,4.30528
4255,Al1Au2Ti1,1.18828
4256,Ag1Mn3N1,16.2358
4257,As7Ho2Ni12,1.56181
4258,F4Mg2,6.13146
4259,Sb4Ta5,2.8749
4260,Hf3Ru3Si3,10.0367
4261,N4Ni8W12,5.85166
4262,Pt1Sn1U1,1.04703
4263,Dy4Li4O8,4.09064
4264,Ge1Pt1Ti1,7.10184
4265,C4Ti8,11.9129
4266,Co1O6Pt3,4.44125
4267,N4Nb12Zn12,5.03184
4268,Co1Hf1,23.2757
4269,H6Ru1Sr2,4.32425
4270,I1K1,0.525554
4271,Ge26Ir8Tb6,1.41641
4272,Co4Sb12,2.59806
4273,Ag1Pt5Si1,2.09432
4274,La8Rh6,1.22864
4275,Cr4Nb4P4,9.54724
4276,As6Ru7U4,2.59012
4277,C2Hf4In2,12.777
4278,Br1Tl1,0.545293
4279,As8Ba4Ge8,1.40407
4280,Cd1F2,2.76298
4281,Ca24N16,1.7293
4282,N2Nb2,7.53961
4283,Ho3In3Ir3,1.87356
4284,Ba1Ga4,2.19296
4285,Bi4O6,0.741669
4286,Cu36In16,0.483051
4287,Mn1V1,44.5248
4288,Ag1P1Pt5,1.58553
4289,Co2Sn1Zr1,9.27328
4290,Mg3Pd3Y3,1.12064
4291,As2Ba1Zn2,3.12369
4292,Ge3Pd3Ti3,4.10559
4293,Ba2Pb2Zn2,1.68172
4294,K2P2Zn2,3.58557
4295,Cd2Er4S8,1.64969
4296,Cr4S8Zn2,3.15726
4297,Be4Ti2,28.8864
4298,Al1Hf1Pd2,0.71177
4299,Ru4Tb10,1.97065
4300,Co8Ge26Yb6,0.998261
4301,C4Si2Ti6,21.176
4302,P1Yb1,1.58542
4303,C2Ca2O6,5.9987
4304,Pd4Tb4,1.82334
4305,Hg1Tb1,2.15168
4306,Al9Er3Ni6,4.43042
4307,Hg6Mg10,0.804725
4308,Dy1Te1,3.8945
4309,Al1Co2Hf1,61.6353
4310,Er16In4Rh4,1.6392
4311,B2C2Mo4,25.5812
4312,Ag2As2Ba2,2.30341
4313,Co8Ti16,2.97081
4314,Hf10Si6,6.57181
4315,Pa1Pt5,8.88295
4316,Er4P4Pd4,3.59506
4317,Be4O4,28.662
4318,Mg1Rh1,11.3333
4319,Er4Pt8Si4,2.14183
4320,Er2Ga4Pd2,2.86644
4321,Al1Li1Si1,17.4072
4322,Os8Y4,2.04602
4323,Ni2O12Sb4,4.63346
4324,Er2Tl2Zn2,2.49661
4325,O1Sn1Yb3,3.976
4326,As2Dy2O8,5.04372
4327,P1Pt5Tl1,1.90176
4328,Ge6Ni2Y2,4.31842
4329,Ge4Rh4,5.32288
4330,Br32Ti8,0.324447
4331,Cu4In1Y1,3.44776
4332,O8Re4,12.2838
4333,C1Lu1Rh3,8.26097
4334,Ho1Rh2Si2,12.1715
4335,Er14Rh6,1.25479
4336,O4V2,19.367
4337,Hf6Ni16Si7,3.56475
4338,Al2C2Zr4,17.851
4339,Cd2Dy4S8,1.57065
4340,Rb4S2,0.455255
4341,Cu2Te2Tl1,1.10456
4342,La6Sn8,1.88497
4343,C16,104.828
4344,Al8O12,13.7281
4345,Cd2Ho4Se8,1.05971
4346,C8,161.938
4347,Bi4Pt4Te4,1.16404
4348,Al4Co2Y2,6.66628
4349,As4Ge2Zn2,3.08327
4350,Ni3P3Pd3,1.42184
4351,Co2Sc1Sn1,4.41102
4352,Co2P2Zr8,2.93078
4353,La4Sb8,1.62288
4354,Dy4Ge4Ir4,3.43509
4355,Au1Ti1,2.31474
4356,As12Co4,4.49766
4357,Li2N4P2,22.25
4358,As2Ca1Cd2,3.53399
4359,C18Si18,16.3733
4360,Au3Li1,0.445481
4361,Cl6Cs2Ti1,1.04358
4362,Au6Er6Sb8,1.25255
4363,As4Fe4Nb4,3.46112
4364,Ge6Ru4Tb6,3.40201
4365,Ge4Mg2Tb4,5.11223
4366,Mn1Se1,8.17748
4367,Pd2Sb2Tb2,2.59722
4368,Ga6Pt6Zr6,3.05539
4369,Ba1O1,7.09175
4370,Pt1Sn2,1.41719
4371,As4Cu2Er2,4.67038
4372,Cu1Ho1,6.62784
4373,F6K2Mn1,1.94328
4374,C2Nb4S2,13.942
4375,Al12Mo4,9.44121
4376,La2O8P2,4.44492
4377,Si6V10,10.0905
4378,Pd2Sn1Y1,1.60686
4379,Al16Pd7Ti6,3.14955
4380,Ca2In4Pd2,1.46322
4381,Ir7Sc4Si6,6.87147
4382,Mn1O1,13.7516
4383,Dy1Mg1,6.22953
4384,Li1Pd1,3.2406
4385,Te1Yb1,5.69839
4386,F3Mg1Rb1,4.52832
4387,Be5Pt1,25.0936
4388,Os8Y4,1.96147
4389,Bi1Ga1O3,10.1276
4390,In4Ir2Sr2,2.15815
4391,Al1La3,2.3293
4392,Ba2In8Ir2,1.56686
4393,In2N2,6.83377
4394,Ag2As2Sr2,2.74048
4395,Cu2Si2Tb2,7.81616
4396,Au4Mg4Yb4,0.776776
4397,Sr1Te1,4.96221
4398,O8Pd6Sr2,2.37955
4399,Au2Th2,1.57494
4400,Si4Ti2,18.938
4401,Ga1Mn1Ni2,10.6305
4402,Ba1Ge12Pt4,0.518243
4403,Ag8S4,0.372196
4404,Au2Br6Cs2,0.452325
4405,As1Pd5Tl1,1.85416
4406,Pt2Si2Th1,6.06696
4407,S4Tl3V1,1.32044
4408,Ir1La1Si3,9.75813
4409,P4Zr4,11.9255
4410,Er1Tl1,1.6723
4411,Ir4La2Si4,4.67868
4412,Mn8Sc4,3.32358
4413,Ca2O6Si2,16.9549
4414,Mg8Sr4,1.8252
4415,In2P2,4.10905
4416,Ga9Rb3,0.941782
4417,Ba2O4Zr1,6.45536
4418,Eu1O3Ti1,14.8487
4419,Ho16O24,2.1579
4420,Ir2Mo2,20.8517
4421,P2Sb2Zr4,8.43584
4422,Bi1O2Y2,6.52619
4423,As1Tl1,2.06005
4424,Al16Hf6Rh7,2.49561
4425,Ca1O3Si1,29.3617
4426,Al1Au2Sc1,0.903351
4427,In2Pd4Th4,1.28568
4428,Dy1Ni2P2,10.1007
4429,Cl6Rb2Ti1,1.17799
4430,Au16Hf4,0.666121
4431,Ho4Rh4Zn4,1.3582
4432,Ga4Zr6,7.08747
4433,Cl6Pb1Rb2,0.413343
4434,Os2,50.7919
4435,Ag2Sn2Sr1,1.08503
4436,Cl3Cs1Pb1,0.719095
4437,Fe2Ge1Ti1,23.2667
4438,Dy1Ir1Si3,8.26774
4439,Ru3U1,13.0296
4440,C6Sc8,9.93357
4441,B6C2Nb6,21.5358
4442,Cd1Hg2Ti1,0.727401
4443,Ca2In4O8,2.30697
4444,Cu4Er1Pd1,1.80705
4445,Ho1Tl1,1.77377
4446,Ba4F12Pd2,0.756364
4447,Ag1Ti2,9.66728
4448,K4Na4S4,1.12346
4449,Hf4Ni4Sn2,4.57668
4450,B3N3,60.0811
4451,N1Zr1,21.7905
4452,Cd2Hf2,4.22505
4453,Mo1Pt2,14.0742
4454,Co2Nb1Sn1,4.34209
4455,B8Hf2Ir6,6.26813
4456,Fe3Ge3,3.23645
4457,Ru4Se8,5.15647
4458,Ag2Tb1,1.69739
4459,Au2Dy1,2.62348
4460,In1Te1,2.05305
4461,Ga4Li4S8,1.87859
4462,Al16Os7Zr6,3.10511
4463,Cd1Hf2,5.77528
4464,Li1Pt7,2.33658
4465,Na2,1.03373
4466,La4O12Y4,3.70853
4467,As2Ru2Sr1,9.21503
4468,Ga2N2,18.5123
4469,La8Ru8Sn24,0.683262
4470,Hg2Sn2Sr2,1.37049
4471,Pt1Sb1Sc1,6.8049
4472,Rh3Sn3Zr3,3.49046
4473,Pt2Sc1Sn1,1.47765
4474,Hf6In8,2.02166
4475,Cu1Rh2Sn1,4.86328
4476,Li2O8Ti4,11.2029
4477,Ba1Se1,3.18191
4478,In2Ir1Li1,3.03407
4479,Nb6Se8,3.80712
4480,Ca2Ni4,2.38519
4481,As3Na3Sr3,2.50784
4482,Dy1Se1,4.56498
4483,Ho2,14.7772
4484,K8Te12,0.378655
4485,N4Os8Zr16,3.89807
4486,Li3N1,8.74618
4487,Cd26Cs2,0.171012
4488,N1Zr1,50.9792
4489,Cu2Ga1Sc1,2.76616
4490,Pd8Si4Y4,2.00223
4491,Cd1Li2Pb1,0.775195
4492,B6Pu1,20.6604
4493,Ca5P8,5.15397
4494,C4Ge2Ti6,17.5326
4495,In8Ir1Yb2,1.07897
4496,Dy3Ge3Li3,4.5721
4497,Ba2O12Te4,2.56174
4498,Br4K2Pt1,0.847889
4499,Cl1Na1,2.12177
4500,Er1Rh3Si2,11.2776
4501,Sn4Th2,3.36927
4502,C2Er10Ge6,2.76594
4503,Nb1Pd2,8.80441
4504,Ir4Lu4Si4,5.66882
4505,B6Er1,10.3357
4506,Cu4Mn4P4,2.85313
4507,Ni2Sc2Si6,9.86156
4508,Hg1P1Pd5,1.32462
4509,As12Ir4,4.27824
4510,Rh8Sb4,1.8218
4511,Ag4Te4Tl4,0.233306
4512,H2Zr1,3.53136
4513,Ag4Ba4,0.713274
4514,Mo2Pt2,15.1277
4515,Ru4Sb4,5.17231
4516,Au1Li2Sb1,1.33941
4517,Ru3Zr1,10.5979
4518,Sn3Yb1,2.45641
4519,In2Li1Pd1,1.63892
4520,As2Ba1Cu2,2.51726
4521,Cl8Cu2Rb4,0.561956
4522,N4V12Zn8,6.90964
4523,Ag2Bi2Ca2,1.52037
4524,Pd2Sr2Tl4,0.514134
4525,Al2Li2Te4,1.53133
4526,Ag2Li1Sn1,0.82723
4527,Ir1Nb1,20.5383
4528,Ga1Li2Pt1,2.29366
4529,As12Co4,4.72015
4530,Cr2O4,9.66821
4531,Ag3Ca3P3,3.21762
4532,P4Rh4Se4,5.88263
4533,Al1As1,11.6444
4534,C1Y1,4.12962
4535,P4Ru4,10.1537
4536,La4O14Zr4,5.3462
4537,Ge6Ho4Rh7,3.69123
4538,Ca1F3K1,2.89107
4539,Cu1I1,1.2584
4540,Au2Ca4N2,2.76581
4541,N2Se1Th2,8.74277
4542,B4Fe4W4,10.6777
4543,Bi4Ir4O14,3.29991
4544,Al1N1Tb3,10.6901
4545,Ba4Ge4Pt4,0.95124
4546,Mg2Rh1,10.5141
4547,Cu6Ho6Sb8,2.16293
4548,Cr4Cu2S8,1.90054
4549,Au4Cd4Yb4,0.448128
4550,B8C8Sc4,23.7205
4551,H1Pd1,3.1288
4552,Ga4Sc2,4.56328
4553,Si106,1.19836
4554,C1Ta1,61.4198
4555,Br32Si8,1.26789
4556,Li2P2Sr2,6.00183
4557,Ca3Hg1,1.26658
4558,Ga9Ru3Y3,3.17841
4559,B4Hf6Ir10,5.47436
4560,Fe2Rh4S8,2.09748
4561,Pt4Y12,1.03128
4562,Ag1Er1,3.68224
4563,Ni4P4Th2,4.54789
4564,Ga1Ni2Ta1,5.1066
4565,Bi1Na1,1.96675
4566,Ag10S8Sb2,0.475357
4567,Ge3Ir1Sr1,4.09047
4568,Cd4Co4Dy16,1.29919
4569,Er2Rh4,9.25408
4570,C3W6,13.6675
4571,O8Rh4Zn2,4.08247
4572,B2Tc2,40.9345
4573,N3Nb4,20.6183
4574,Cd4O8Si2,3.10276
4575,Mo12N4Ni8,6.27578
4576,B14Re2Y6,13.8413
4577,O14Ru4Y4,4.75822
4578,Ni4Y2,7.07391
4579,Ca2Si1,5.93538
4580,As2K2Mg2,3.14272
4581,Au4Er8,1.00377
4582,F4Ni2,3.64776
4583,Ca4Mg4Si4,5.19726
4584,Cd1Pt2Zn1,3.68847
4585,Ca4In4Rh4,1.29388
4586,Ge7Hf6Ni16,2.23128
4587,Al1Bi1O3,15.9342
4588,La2Pd2Sb2,2.86877
4589,Ge4La4,3.95728
4590,H3Ni1Yb1,5.01748
4591,Cr2Cu2O4,4.84194
4592,C1Dy3In1,11.5559
4593,As1Ca3Cl3,3.41371
4594,Au2Dy2Ge2,3.12127
4595,As12Co4,4.56055
4596,Au2Th1,3.02712
4597,O4Pt2,6.02233
4598,O24Y16,2.64266
4599,O4S2Sc4,9.06028
4600,Al4Pt8,2.13756
4601,Al8Ba4Si8,2.4526
4602,Ni2P2Ta8,8.04433
4603,Ge2Sn2Tb2,4.05561
4604,Al3Dy1,8.66879
4605,Ir4Li8Mg4,1.23355
4606,Ir4P12,7.5618
4607,Al8Zr10,4.15339
4608,Li1Pb1Pd2,0.57286
4609,P2Pd2Sr1,4.28747
4610,Fe1La1O3,13.9237
4611,Ce1Zn1,6.13501
4612,O3Ru1Sr1,4.93488
4613,Fe2In2O6,1.88724
4614,Cl1K1,1.23719
4615,Ag4O4Rb4,0.545209
4616,Nb10P2Si6,5.89999
4617,Al1Zr3,13.9246
4618,O24Tl16,0.474624
4619,P1Tl1,3.16604
4620,B1Ni6Si2,5.82174
4621,La3Mg3Tl3,2.03432
4622,Ge4Ho4Mg2,4.93397
4623,Co4S4Sb4,5.42072
4624,Al2Au2O4,4.9083
4625,Cu2F6Rb2,2.02218
4626,Rh4Si4Y4,5.32446
4627,C1Rh3Sc1,9.87466
4628,Ag2I2,0.191901
4629,Ir5Sn7,1.91967
4630,Te1U1,3.22
4631,N4Nb4,14.9873
4632,Ba2Ga4Se8,1.44823
4633,In3Pd2,1.52235
4634,Al8Dy12,2.15715
4635,N1Tl1,4.82195
4636,Ga12Pd1Y4,2.66597
4637,Au8Cl24Cs8,0.58608
4638,Ag1Mg1Sb1,1.19644
4639,B4C4Tb2,19.4036
4640,Sn4Y2Zn2,2.33702
4641,O3Pb1Zr1,9.84373
4642,Mn1Pb1Rh2,3.53935
4643,Hg1Se1,1.04403
4644,Bi1Dy2O2,6.01725
4645,Bi2O8V2,3.72026
4646,K12Sb4Te12,0.34716
4647,H8Mg4,5.22643
4648,Dy8S12,2.42768
4649,Cu1Zr2,9.17171
4650,Cs2H4Mg1,1.50805
4651,F3Mg1Na1,5.40741
4652,Ag2Bi2Ca2,1.44134
4653,Ni1Sn1U1,2.47439
4654,Au2Zr6,3.14792
4655,Rh8Sn4,1.50651
4656,Ca4Ge8Li4,2.06813
4657,Er1Ni1Sb1,8.97732
4658,Al1C1Sc3,22.7795
4659,Cu2Er2Pb2,2.79132
4660,Dy4Ni4P4,4.40975
4661,Cd1O6Sb2,4.88431
4662,Au2Tb1,2.42162
4663,In4Li4Se8,0.822096
4664,Cu2Na2Se2,1.84977
4665,Be26Sr2,14.5127
4666,Au2Dy2Sn2,2.77216
4667,Cd2La1,2.62684
4668,Cd4Sr2,0.715945
4669,Ca2Ge2N4,6.24277
4670,O6Re2,19.32
4671,Cu2Dy2Sn2,4.33028
4672,Cd33La3,0.321074
4673,Rh1Tb1,6.20747
4674,N1Sb1Sr3,5.80746
4675,Mg3Tb1,5.28399
4676,Rh5Tb1,6.08695
4677,Al1C1Tb3,13.5368
4678,Al4Au4Yb4,1.02614
4679,Au1Bi1Ca1,2.30919
4680,Nb6Te2,8.06703
4681,C16,91.6602
4682,S1Ti1,31.6162
4683,Al4Pt12,1.97832
4684,Cl1Na3O1,2.63317
4685,C2Dy10Ge6,2.65673
4686,Cu2S8Zr4,2.46149
4687,Br1O1Rb3,0.773636
4688,O4Rh2,11.6446
4689,As1Ca3N1,10.5807
4690,Fe1Nb1Sb1,14.2082
4691,B6Th1,17.3902
4692,Co4Sb12,2.59389
4693,Mo2Rh2,13.0106
4694,Bi1Li1,1.15101
4695,Mn1Ni2Sb1,2.46844
4696,Pd2Si2Tb1,5.56406
4697,B6Ce2Ni21,1.71861
4698,Dy3In3Rh3,1.63486
4699,C2Tb1,10.7365
4700,N4Ni8Zr16,3.25571
4701,Cd2S2,1.7601
4702,Ca3Cd3Ge3,2.65361
4703,H2Th1,1.74416
4704,Au2K2Te2,0.96442
4705,Pb3Rh3,2.65614
4706,Ca3N1Pb1,0.877301
4707,Cu1Zn1,3.60069
4708,Ru4Te8,3.93138
4709,Ga4Mg2O8,5.80634
4710,Cu2Sc2Sn2,4.44734
4711,F6K2Ni1,2.18914
4712,Cu2K2Se2,1.92942
4713,In4Pd4Sr4,0.803833
4714,Ho2Te4,2.02604
4715,Ho3Ir3Sn3,2.5893
4716,In1Pt3,2.52295
4717,C2Ni1Tb1,20.5364
4718,In4Pd2Yb2,0.963993
4719,Al4Mg2O8,13.6176
4720,Cl6Cs2Pt1,0.93101
4721,Na12Sb4Te12,0.45301
4722,Cs1F3Sr1,1.72397
4723,Mo6Os2,9.29637
4724,Hf4Ni4P4,6.09346
4725,H1Mg1Ni1,9.54422
4726,B4V3,49.6503
4727,Cu3Mg3Y3,1.7611
4728,Ni2Si2Zr1,11.4051
4729,Al2Mn2Pt2,4.22074
4730,In2La2Zn2,4.13547
4731,Ge3La1Os1,6.22349
4732,Ca24N16,1.74598
4733,La1Ru4Sb12,2.11316
4734,Ca10Sb6,2.04281
4735,Ge14Ir6,2.59575
4736,Cu2Sn2Tb2,4.55154
4737,Ge2Ho1Rh2,6.63181
4738,H8Mg4,3.81247
4739,Ce3Ga3Ni3,2.45038
4740,As1Cu3S4,1.89862
4741,Ba4O12Ru4,2.67391
4742,Ge1I3Rb1,0.82785
4743,Ga4,6.69034
4744,H2Si6Y10,5.14818
4745,Ni4Sn4Y4,2.54029
4746,Ga1Hf1Ni2,0.716183
4747,Ge4Rh4Zr4,5.5295
4748,Ca1,9.44272
4749,Cl6K2Tc1,1.67366
4750,Au2Be1,1.87419
4751,Ho1Sn3,0.698719
4752,Nb5P4Pd4,4.6004
4753,N1Ta1,16.0175
4754,Au2Ca2In4,1.15196
4755,Mg2O8Rh4,3.77398
4756,Dy1Rh5,6.03987
4757,Mo3Ti1,15.7528
4758,Dy4Ge6Rh7,3.60462
4759,Ir8Sc16,1.33899
4760,In1Li2Mg1,3.02073
4761,Ir2Nb6,11.6356
4762,Cd1Te1,1.70177
4763,Co1Nb1,19.7376
4764,Si10Sr10,1.9446
4765,La2N2,4.35574
4766,As4Co4S4,7.71781
4767,Be1O1,82.7172
4768,Mn2Na2O4,7.76154
4769,Pt3Tb1,4.25845
4770,Sb1U1,4.70368
4771,Mg1Ni1Sb1,6.0606
4772,Ca1Si2Zn2,5.68212
4773,Ni4O8Si2,8.1978
4774,Au2Ga2O4,2.9255
4775,Ca4H8,4.00777
4776,Rh3Si2Y1,12.2862
4777,Au1Ho1Pb1,2.57263
4778,Ag2Dy1In1,1.07687
4779,B12Dy1,37.876
4780,Cd1Cl3Cs1,1.10986
4781,Mn8Sc4,3.43313
4782,Pb1Te1,4.08023
4783,Dy1Rh1,6.82856
4784,Li4O10Si4,10.0766
4785,N1Tl1,3.91552
4786,Ag2Al2Te4,0.943954
4787,Au24Na8Si8,0.307479
4788,B4Ru2,31.2608
4789,B1Rh3Y1,9.87521
4790,Cu2Er2Sn2,4.42785
4791,Ir4La16Mg4,1.07283
4792,Ag2La1Si2,4.97276
4793,Mg4N8Si4,13.0967
4794,Ca4O8Sn2,4.51284
4795,N4Sr2Ti2,7.47569
4796,C1Nb1,78.8903
4797,In3La1,2.87981
4798,Al4Tb2,9.39143
4799,Dy6Ga2O12,3.51157
4800,B12Y1,42.1339
4801,C1Ga1Sc3,19.9291
4802,Mn2Sn1W1,15.1916
4803,C19Si19,15.7908
4804,Br8Li6Mg1,0.866196
4805,Pu1S1,7.50128
4806,Dy16Mg4Rh4,1.3457
4807,Al2Hf4,9.22553
4808,Pd2Si2U1,4.58134
4809,Al4Ge2La4,5.51251
4810,B4Li4Rh6,5.78428
4811,Cu3O5Sr2,3.63613
4812,Ca2In4P4,3.1537
4813,Cs8Te20,0.312046
4814,Dy4Ga4Pd4,0.710533
4815,N8Zr6,13.6869
4816,Ca1Pd2Si2,3.91309
4817,In2Pt4Tb2,1.83411
4818,C1Ti1,91.4544
4819,Au1C2Cs1,3.33356
4820,Ba2Ce2N4,5.08917
4821,Al3V1,25.0707
4822,C4Re2,28.5904
4823,N2Re2,19.418
4824,K2Sb2Sn2,1.50833
4825,Pt5Pu1,4.64639
4826,Cu2Dy1Ge2,5.16864
4827,Ag2Br2,0.475994
4828,B1Lu1Rh3,10.0724
4829,Cu1Ge6Y2,3.92314
4830,Ge4Pt4Th2,2.1627
4831,F1K1,2.20533
4832,P8Sc12,5.01961
4833,B2N2,82.6791
4834,Au4P6,1.48105
4835,O14V4Y4,6.22808
4836,F2Ho2S2,6.26803
4837,F2La2S2,4.93591
4838,Ru1Sb1Ti1,5.6113
4839,Be2Si1,22.0829
4840,Ge4Zr4,7.72131
4841,F8Pb2Pd2,0.928124
4842,Pd2Y2,3.32485
4843,Co1La1Si3,10.8168
4844,F2Sr1,3.49566
4845,Sb4Zr4,5.7095
4846,Bi1U1,4.78268
4847,Lu1Pt1Sb1,5.66017
4848,Mo2O4,12.0956
4849,Ce1Pb3,1.28281
4850,Lu6Os8Si26,3.34242
4851,Ag2Ga2S4,1.57514
4852,Au1Li2Sn1,1.09616
4853,Ga4Se8Sr2,1.80968
4854,P2Ta2,12.87
4855,Er10Si6,4.72251
4856,Ag2In2O4,1.49327
4857,Al8B4Re12,3.4084
4858,Fe2Hf8P2,2.59334
4859,Sb2Zr4,3.25829
4860,Bi8O12,2.31233
4861,Hg6Y2,0.469715
4862,As1Ba1Pd1,2.68432
4863,In2S6Zn3,1.94549
4864,Co4Si4V4,11.5991
4865,C1Cr1,20.8326
4866,Be2Pd6,1.39383
4867,Cu4Hf4Si4,5.40844
4868,Dy2Sn4,3.26052
4869,P2Ru2Sr1,12.1183
4870,Sc2Te2,4.16652
4871,Ba1Nb4O6,12.4976
4872,Ga2Sc2,8.28117
4873,N4Os4,15.2873
4874,Ba2F8Pd2,0.869524
4875,Eu1Te1,2.02205
4876,Be2C2N4,68.3642
4877,Al3Er3Ni3,3.33866
4878,Fe4Hf2,2.39784
4879,Al3Er1,10.7424
4880,Co8Y12,1.5827
4881,Ba1Te1,2.6017
4882,Dy12Pt4,0.788135
4883,Ag1Cu4Yb1,1.09648
4884,Br1K1,0.84292
4885,B8Rh8Y2,5.12758
4886,Ir1Li1,6.5718
4887,Mg3Y3Zn3,2.72902
4888,N2Tc4,18.7691
4889,B6Ho1,11.2188
4890,Ni2Ta1,11.687
4891,As1Na3,1.58923
4892,C2Co1Th1,15.5496
4893,Ba2In4,1.64741
4894,Cs1I1,0.286487
4895,Ca1P2Ru2,19.5328
4896,Cu3Nb1Te4,3.30112
4897,Ta4Zn8,5.84161
4898,Pb3Tb1,0.468345
4899,B2Pd4,3.82102
4900,Al8C4Mo12,3.29673
4901,As12Co4,4.46794
4902,Dy4Ge4Mg2,5.08064
4903,In4Mn2S8,1.30611
4904,Cu2In1Lu1,3.80571
4905,S12Tb8,2.84732
4906,As1Na1,5.58813
4907,Al4O8Zn2,11.6634
4908,C1Rh3Tb1,7.53173
4909,Al7Cu16Yb6,1.05698
4910,Os1Si1,22.4741
4911,Ge4Mn4,0.992193
4912,In2Se4Zn1,2.51657
4913,Mg3Nb6O11,6.82779
4914,N4Os2,25.3391
4915,F3Rb1Yb1,2.1863
4916,Ca6Rh8Sn26,0.406853
4917,Ni1Sb1Sc1,11.3982
4918,Ho16In4Rh4,1.5774
4919,Nb6Sn6Tb1,5.69364
4920,Ga3Hf3Ni3,5.51054
4921,Be1H3Na1,10.7579
4922,C3Nb4,21.7295
4923,Ca1Hg1,2.97862
4924,Ca1Cd2P2,4.67025
4925,Dy1Tl3,0.48435
4926,Ca4S12Zr4,3.40849
4927,Ce1Pt3,5.85664
4928,Li1Pd1,3.39727
4929,Mg4Si2,1.84587
4930,Fe1Ga2Hf6,5.37119
4931,Ca4Ga4Ge4,2.19223
4932,Al36Mg6W4,2.38891
4933,Ni2S2,11.9317
4934,Al8Zr4,10.6146
4935,Ag3Pb3Y3,1.53505
4936,Ru6Sn14,1.06825
4937,B2Mg1,56.0154
4938,Tb1Zn1,6.98598
4939,Hg1Pt1,2.23816
4940,As1Pu1,1.42466
4941,Al2Pd5Y1,3.62437
4942,Pd3Sc3Sn3,2.73852
4943,Mo8P5,9.56334
4944,Al8Zr4,10.5362
4945,Cu4La4,1.0792
4946,Al8C2O8,8.40465
4947,Ni5U1,8.43193
4948,F6Na2Ni2,2.43302
4949,Er2,16.1785
4950,Al4Ca12Sb12,1.2808
4951,La1Zn1,5.71992
4952,Sn2Ti4,5.82538
4953,Cs2F6Ge1,0.821265
4954,Ag1Pt3,2.22655
4955,Pd8S2,1.22034
4956,Ge4O8,8.83535
4957,Cd1Tb1,4.02585
4958,Be26Ho2,12.922
4959,As12Rh4,3.72947
4960,Co2Ga1Ta1,11.2182
4961,La2Tl2Zn2,2.75996
4962,Ge2Pd2Th1,3.92943
4963,Ho3In1N1,9.15715
4964,Ni6Sb8Zr6,2.96529
4965,Mo2Pt4Si6,5.97809
4966,Al1Co2Nb1,23.0936
4967,Sb2Ta6,5.88011
4968,Pd3Ta1,7.22395
4969,O1Ta4,7.12301
4970,Er6Ge26Ir8,1.73979
4971,S2Ti2,11.5142
4972,Mg1Sc1,12.8444
4973,Ba4Ca4Ge4,1.40515
4974,Pt3Y1,4.61989
4975,C1Pu1Rh3,0.544656
4976,Ir4Mn12Si4,2.16175
4977,H3Mg1Ni1,4.10267
4978,Ce1Rh3,8.04648
4979,B2Rh2,13.0392
4980,Ca1Tl1,2.08259
4981,O8Si4,27.8279
4982,Ca3Ga4Ni4,1.83861
4983,Pt4Y2,4.52981
4984,Pt4Se4Si4,4.0238
4985,Er1Tl1,2.57479
4986,Ba1Os2P2,8.15941
4987,Mg24Sb16,0.657437
4988,Cu2Hf1In1,4.78808
4989,K2S1,1.68403
4990,Al16Pt7Ti6,3.06831
4991,As4Pd4Se4,1.48111
4992,Br2La10Sn6,1.59115
4993,Bi4Fe4O12,12.5194
4994,Al4Pt4,4.6761
4995,B1Ir3Sc1,11.9249
4996,Cu4Mg1Sn1,3.40429
4997,Pb1Pd3,2.33679
4998,Ca3N1Sn1,1.31022
4999,Au6Sr14,0.312061
5000,Ca1Cs1H3,2.662
5001,Al1Co2Ta1,13.6196
5002,B4Re2,46.7336
5003,As1Cd1Pd5,1.64888
5004,Ge3Hf3Rh3,4.66687
5005,H3Pd1Yb1,3.03113
5006,Ag2Sn2Tb2,3.04608
5007,Dy8Sb6,1.84676
5008,Cu2Rh4Se8,0.956171
5009,Hf1In1Ni2,5.06415
5010,As2Rh2Sr1,4.76811
5011,Ba6Mg23,0.86375
5012,F6Ni1Rb2,1.46172
5013,Au4Ba4,0.682268
5014,Ga4Pt4Y4,1.45301
5015,Bi3Sr1,0.924157
5016,Au2Dy1In1,1.0706
5017,Al2P2,12.0153
5018,Re3Si3Ta3,10.9058
5019,Fe4Hf4Si4,4.7644
5020,Ga4Li4Se8,1.11692
5021,Tl3U1,1.11481
5022,Mo16N4Ni8,4.33167
5023,Ba2F8Ni2,1.92704
5024,Ca4Pt8,1.54825
5025,Hf4Mo4Si4,9.32538
5026,Co1In8Y2,1.45048
5027,Al1Ba1Ge1,4.77145
5028,Ir6W2,13.7822
5029,O1Sr1,13.3637
5030,Nb1Rh3,18.9689
5031,Er1Pd1Sb1,5.20405
5032,La2Pd4Sb4,1.15911
5033,Eu1S1,9.72875
5034,Mn1Ni1Sb1,1.62039
5035,C1Sn1Y3,11.5151
5036,Sn6V6Y1,4.93342
5037,Ge4Mg4N8,6.75954
5038,La6Sb10Zr2,1.81291
5039,Al8Ba4Ge8,1.62676
5040,Ce1Te1,11.0807
5041,Mn1O3Sr1,6.37594
5042,Mg2Sn1,5.37237
5043,Mg6P4,5.51334
5044,B12Tb1,37.8246
5045,C1Pb1Pd3,1.46263
5046,N4W2,30.8257
5047,Ni1Sc6Te2,3.54445
5048,Ru3Sc3Si3,12.6163
5049,Ag2In1Sc1,0.930198
5050,C1Mo1,58.2171
5051,As4Mg6,3.33101
5052,Ga1O3Pr1,5.63216
5053,Mg2O12Sb4,5.37528
5054,Ni4P12,7.38008
5055,Co1O3Sr1,5.97575
5056,Au1Cu3,3.02242
5057,Ba2Be26,11.4948
5058,As4Cu4S4,1.71639
5059,Cu2Li1P2,3.27323
5060,Au6Dy6Sb8,1.22942
5061,Ba1O3Pr1,7.03495
5062,In3La3Pd3,1.16867
5063,O6Sr2Zr2,10.1876
5064,Cr4Se8Zn2,1.75505
5065,O14Pt4Tl4,2.70535
5066,Cu2Ga2O4,4.54873
5067,La1Mg1,8.27996
5068,Re3Ru1,26.4135
5069,Rb2S1,1.07787
5070,Rb2Te4Y2,1.97686
5071,Rb2Te1,0.705985
5072,Cd1F3Rb1,1.63605
5073,Na2O6Ta2,17.8237
5074,In1Ni2Zr1,4.33064
5075,N8Si6,33.5641
5076,Cu3Nb1S4,5.6388
5077,Nb4P4Zr4,10.0366
5078,Ba2Li2Sb2,2.73232
5079,Cu12N4Pd1,1.14098
5080,Cl6Cs2Zr1,1.52754
5081,Ge2V6,4.65089
5082,K4O12Sb4,3.13029
5083,Al8C8Si2,6.37861
5084,As12Ir4,4.27943
5085,Ag1Al1S2,5.04353
5086,Gd1N1,31.8232
5087,B48,10.1441
5088,Ru2Te4,5.55201
5089,S4Se4U4,2.97792
5090,Er1Rh2Si2,11.9535
5091,Er1S1,9.23629
5092,Cd3Zr1,2.11184
5093,Er1Os2Si2,11.5538
5094,P8Si4,7.77965
5095,As2C2Nb4,16.0713
5096,Ho1Ni1Sb1,8.97175
5097,Ir2N4,21.3003
5098,N1Ru1,12.1175
5099,Er4O14Ru4,4.33276
5100,N2S1Th2,9.21037
5101,Cd4Co4Ho16,1.11991
5102,Au6K2Sn6,0.297897
5103,Bi2Rb6,0.300378
5104,C1Ni1,12.2368
5105,Ba2Tl4,0.870755
5106,N1Zr1,17.6224
5107,Hf1Os1,29.9254
5108,Mg2O6Si2,15.2027
5109,Al4La2,6.99499
5110,Re1Si2,22.0265
5111,Mn1Rh1Sb1,3.62165
5112,Dy2Pd2Sb2,3.38744
5113,Rh3Sc1,10.1346
5114,Co4Nb4P4,3.86745
5115,B8Ho4Os4,9.31086
5116,Cu1Pd1,3.88647
5117,S4Sr2,4.02792
5118,Se8U6,1.61557
5119,N4Rh8Zr16,2.84101
5120,Li2Si4Y4,5.95019
5121,Ge6Ru7Sc4,4.2252
5122,Nb8O24Zn4,4.53052
5123,Re8W4,5.9875
5124,O8Zr4,8.85618
5125,B6Hf2Ni21,2.36458
5126,Ho4Pt8Si4,1.99643
5127,Ca4Sb2,4.68827
5128,Al2Ti6,11.4228
5129,Ba1Ru2Sb2,6.45607
5130,Au2In1Y1,1.0512
5131,Al2N2,37.5222
5132,La3Pd3Sn3,2.0626
5133,F4Zn2,4.45839
5134,Au2Sn2Y2,3.02233
5135,As3Hf3Ru3,5.51468
5136,Ca6H4Pb2,2.00057
5137,Al8In6Sr22,0.575649
5138,N4Ru8Zr16,3.61421
5139,Sr2Zn26,1.09856
5140,Mg6Mn1O8,9.91502
5141,Ca2N2Ni2,9.45342
5142,Al2Pt2Ti2,4.61441
5143,Ba1H3Li1,0.769721
5144,Ru6Th14,1.25987
5145,Mn1Ni4Y1,3.18049
5146,Ge2Y2,9.4051
5147,Dy1Hg2,2.04947
5148,O8P2Tb2,7.14384
5149,Dy5S7,3.34863
5150,Cu4Te8,1.67288
5151,Li2O1,19.3402
5152,Ca4O12Ti4,8.4113
5153,Bi1Ni1Zr1,4.36209
5154,Na2S1,3.52548
5155,Bi1Nd1,4.98708
5156,Ca4Mn4O12,3.07098
5157,B2C2Li2,53.3418
5158,Dy8Se12,2.02021
5159,Br4Na4O12,2.41482
5160,Mn4O10Sr4,3.34065
5161,Ba2Bi3,1.3491
5162,C2U1,15.6025
5163,N2Tl2,2.57656
5164,Cu1Dy1,6.26072
5165,La3Mg3Pd3,1.58069
5166,Al1Pd1,8.60186
5167,Er4Ge6Os7,3.77668
5168,Al3Pd3Tb3,1.92727
5169,Mg4N6P2,12.1158
5170,O6Rb4Tb2,1.27197
5171,Al12Ni4,4.64472
5172,F6V1Zr1,4.11857
5173,Au7Cd16Na6,0.145186
5174,Ga1Nb1Ni2,6.63232
5175,As1Gd1,15.3852
5176,Ti2,30.9134
5177,H1Pd3Tl1,1.94174
5178,Ba2C8O8,5.15933
5179,Au2In1Zr1,1.61793
5180,Ba3O1Sn1,2.87552
5181,Co2Y2,2.57575
5182,In1Li2Pt1,1.33683
5183,Ga3La3Mg3,3.96112
5184,N4Ta2,11.8232
5185,Cr4Cu2Te8,0.361188
5186,Mo3Ni3P3,6.82361
5187,Cd2In4O8,2.44862
5188,Pb4S4,10.8818
5189,B1Zr1,32.2494
5190,O1Rb2,0.70091
5191,Pd3V1,4.07099
5192,Ba1Cu2Se2,1.89033
5193,Dy4Ge4In2,2.36381
5194,Br1H4N1,5.64689
5195,Al4Er8,3.30151
5196,Al1Re2,27.0053
5197,Cl6Rb2Zr1,1.43125
5198,Pt1Sc1,6.36826
5199,Be2O2,53.2285
5200,N4,17.8495
5201,P4S12Th2,2.32028
5202,Ce2Pd2Sb4,2.76457
5203,Cr2Ho2O8,5.7556
5204,Al10C6N2,13.3806
5205,Al2C2Ti4,26.4006
5206,B8Rh8Tb2,4.64926
5207,Cl16Hg12O4,0.294549
5208,Cu1Sc1,11.3908
5209,Ba6Cr2S10,1.37123
5210,Ba10Sn6,0.857093
5211,Ca4I2N2,3.75076
5212,Ca6Ga10,1.6712
5213,Cd3Te3,0.939184
5214,Ga3Ni3Ti3,5.56368
5215,Co8Dy6Ge26,1.71436
5216,Dy1Pd1,4.25013
5217,K2Nb2S4,7.40201
5218,B2W2,32.6847
5219,In14K3Mg20,0.388592
5220,C2Co1Tb1,18.4697
5221,Br4Na4O12,2.39887
5222,La6Pb26Rh8,0.536542
5223,C1Ru3V1,22.9169
5224,Co1Si3Th1,9.16192
5225,Cl4Cs4O16,1.12733
5226,Ag2Sc1,2.82917
5227,Na6P2,1.58704
5228,Ge2Ru2Th1,9.86852
5229,H2Hf2Pd1,2.43731
5230,Ge3Mn3Pd3,1.82693
5231,Co2O8Rh4,3.59214
5232,O8Sn2Zn4,3.18772
5233,Mg3Tl3Y3,2.96486
5234,Ba2In4Rh2,1.58386
5235,O8Si4,16.0347
5236,Sb2Y2Zr2,4.92184
5237,Ag4O2,0.0174529
5238,Ca2Hg2Sn2,1.29272
5239,Ge2Ni4,2.60314
5240,Ge3Pt6,1.12139
5241,F3Mn1Rb1,2.75824
5242,Pb2S2,3.06669
5243,Er4Mg8,1.6879
5244,Au2Ca2Sb2,1.70586
5245,Ca4O12Ru4,4.07978
5246,Cd2O2,1.66417
5247,P3Ru3Ti3,10.6085
5248,Re4Si4,6.08509
5249,Co4Sb12,2.60804
5250,Cd3Y1,2.06976
5251,Ag1Tb1,3.76095
5252,Sn6Tb10,2.67829
5253,Ge2Li4O6,5.67772
5254,F6Hf1V1,3.90932
5255,Li1Pd2Sn1,1.25016
5256,Er4Pb2Pd4,1.31023
5257,Ge4Tb2,2.36111
5258,Fe4Si4,19.6319
5259,As2Nb2,14.9346
5260,Mg4Si4Sr4,3.56197
5261,Cu4O2,0.253177
5262,Ho1Rh1,7.32271
5263,La6O9,2.90735
5264,Pt4Sn4Sr4,1.01876
5265,Al4Au4Dy2,1.8081
5266,Te2Zn2,2.91044
5267,O1Yb1,17.4662
5268,Dy1Ge2Rh2,6.82159
5269,Ir8Sn26Sr6,0.600019
5270,Br6Cs2Pt1,0.711059
5271,Os4Si4,8.31694
5272,Gd4O14Zr4,3.66031
5273,As2Ni2,4.56621
5274,Pb1Pt3,1.65327
5275,Cd1Li2Sb1,0.863144
5276,Ag2Er1,2.19604
5277,Ho1P1,20.7779
5278,Ho4Rh6Sn10,1.1783
5279,Co4O12Se4,4.29365
5280,Fe2Zr4,1.52389
5281,Hg2Ti6,9.62683
5282,Hf4O8,7.82442
5283,N2Tc2,3.56693
5284,C2Ge2Ti4,15.3282
5285,Al4I2La4,3.44216
5286,N1Na3,2.35311
5287,Ga3Rh3Zr3,3.77552
5288,Cu1,16.4319
5289,Ga1Pt3,2.89648
5290,Co2Er2Ge4,2.99871
5291,Al3Ru2,11.4645
5292,Ir2O4,8.97785
5293,Cu1Ti3,6.15669
5294,C1Mg3Zn1,6.27042
5295,S8Sc4Zn2,3.44355
5296,O3Sn1Ti1,12.9608
5297,Al2Te4Zn1,2.75125
5298,Ru1Zr1,25.2833
5299,N1Re3,28.3356
5300,Cd4La16Ru4,0.909134
5301,Li2Te1,3.89618
5302,As2Be2Na2,6.42497
5303,Ca1O3Sn1,9.29177
5304,Ga14Ni6,1.64839
5305,Ba1Zn1,2.81468
5306,H8W4,3.60283
5307,Pt4Sn4Tb4,1.52535
5308,Al2Pd1,4.41854
5309,Au2Ca2,1.33299
5310,Tc1Ti1,16.6499
5311,Cs2F6Si1,1.34969
5312,Ga9Ru3Tb3,2.95729
5313,In3La3Rh3,1.67815
5314,Au1Ca3N1,4.04562
5315,Co2Sb4,4.65611
5316,Gd4O14Zr4,5.79357
5317,O1Sn1Sr3,4.58204
5318,Si4Sr8,1.784
5319,Ag1Y1,6.48975
5320,N2Rh2,12.7834
5321,Sn2Ti4,5.82212
5322,Ga2Gd6O12,3.39673
5323,Al36Mg6Ta4,2.00317
5324,Ir2Sn2,4.63619
5325,Cu2S4Tl2,1.13821
5326,As2Rb6Se32,0.269721
5327,Cl2La10Sn6,1.84448
5328,C4Co8Mo16,5.65633
5329,Rh4Sc4Si4,6.68522
5330,Au4Ti1,1.0409
5331,Bi2Nb6,5.235
5332,Ge2Rh2Tb1,7.00957
5333,Dy3Mg3Pd3,0.983454
5334,Ge6W10,3.41954
5335,B6Sr1,31.7532
5336,H6Os1Sr2,4.37482
5337,Ba8Si4,1.07591
5338,La4Pd4Sn4,1.42346
5339,C6N8,16.5839
5340,U2,6.99915
5341,Pd1Zn1,6.23748
5342,In4Pt4Sr4,1.01829
5343,Ag1Na1O1,2.42368
5344,Hg1Sc1,4.15842
5345,N12Rh4,9.59784
5346,Al6C6Er2,16.322
5347,Ho2S4,5.86956
5348,Be44Mo2,12.7528
5349,In1Sc3,7.6383
5350,As16Mg4,1.84899
5351,Sb2Ti6,3.13206
5352,Nb4P4Ru4,9.30343
5353,Au1K3O1,0.987767
5354,Er3Mg3Pd3,0.998163
5355,S1Y1,11.4306
5356,Be4Ca2N4,12.5804
5357,Ga2In2O6,5.6648
5358,As4Ni4U2,2.40052
5359,Al1Ge1Sr1,5.647
5360,Ca1Te1,6.50572
5361,Hf6Ni4Si6,6.07374
5362,Mg24P16,1.79295
5363,B2Ge6Nb10,8.24287
5364,Ca1Ge2Ru2,7.15949
5365,Bi4O12Rh4,2.54021
5366,Ca3N1Tl1,4.5628
5367,Er1Zn1,9.04826
5368,F6Ge1Rb2,1.06944
5369,Al1Ti1Zr2,7.56552
5370,Ag4In8Na12,0.235264
5371,C4Mg2,11.5712
5372,Dy1Ir3,10.9919
5373,Pt4Si4Y2,2.74829
5374,Pt3Zr1,8.97856
5375,Al6Ir2,3.62527
5376,C8Pu4W4,8.4832
5377,Ni2Si2Th1,10.2731
5378,Ir1Y1,8.77357
5379,B8Mo2U2,21.0859
5380,B6La1,24.037
5381,Mg2Te2,2.87117
5382,Au4O4Rb4,0.672033
5383,Mg1Tl1,0.238181
5384,O10Ta4,39.2307
5385,Bi4O14Rh4,2.65083
5386,Ag1Li2Sb1,1.58384
5387,Ir4Sn4Sr3,1.43043
5388,Al1Lu3N1,10.6232
5389,Bi1Dy1Pd1,4.05397
5390,Al2Zr4,10.4569
5391,S8Zn8,2.20024
5392,Au1Er1,3.75609
5393,Tb6,4.67276
5394,Au2Ge2Th1,0.682441
5395,Mg2Mo2N4,27.7483
5396,C4H4N4,39.2886
5397,Si8,9.40077
5398,Tc1V1,37.8581
5399,Au18In15Na6,0.168054
5400,C1Ta1,7.63493
5401,Ca3Ir6P6,2.61806
5402,Ru2Si2Th1,16.1499
5403,Cl1Cu1,1.20686
5404,Sb6Tl21,0.0896796
5405,Ge3Mn3Nb3,8.36134
5406,H1Rb1,1.62749
5407,Mn1Pd1Te1,1.56982
5408,B1C5,136.777
5409,C1Er3Ga1,2.66482
5410,Pb1S1,2.14132
5411,Hg1Ti1,4.04016
5412,Ge4Ir4Zr4,5.74919
5413,B6Ru4,19.8776
5414,Ni8Si4Ta12,1.89099
5415,As2Ca1Pd2,2.1064
5416,Se12Sr4Zr4,2.21072
5417,P8Sc12,5.31467
5418,Hf2Hg1,6.27694
5419,Dy1P1Pt1,5.95419
5420,Cu2S1,1.94602
5421,Er2Pt4Si4,2.34323
5422,Dy4Ga12Pd1,2.37939
5423,As1Cd1Li1,0.115071
5424,Al4Gd4O12,7.79564
5425,La2O3,3.83825
5426,Ga1P1,2.68278
5427,Mg12Ni8Ti4,2.57999
5428,Si4Tc4,15.0932
5429,Al4La4,4.30039
5430,Pb1Pt5Si1,2.10918
5431,P8Ru2,10.778
5432,As2Hg1O6,2.8438
5433,Al5Ba5Sn1,1.53304
5434,Ge3Li3Y3,5.55901
5435,C1Mo1,5.21211
5436,Ba1Te1,3.48875
5437,Cr1N1,45.6585
5438,Al4Th6,2.40255
5439,Ir4U2,7.21904
5440,Ga12Lu4Pd1,2.25372
5441,Br1Cs1,0.587776
5442,Cu4K4S4,0.5004
5443,Ni4Sb4Se4,2.40631
5444,Cl6Cs2Ge1,0.757207
5445,O4Ru2,11.7534
5446,Ag2Dy2Te4,1.7712
5447,Ba3Na3P3,2.03648
5448,Pb1S1,2.33542
5449,Mn4O12Sr4,3.19101
5450,Ba2Hf2N4,5.30519
5451,Al5Ca5Si5,4.38548
5452,Re8Y4,2.30212
5453,Ho2Pd6S8,0.94594
5454,Er10Ni2Pb6,1.44353
5455,Hf1O2,21.8378
5456,Eu1Se1,3.31988
5457,Bi4,0.00988102
5458,B2Pt2,10.4267
5459,C1Ta1,23.3919
5460,Ni1Si2,5.92397
5461,As4Cd2Sr4,2.04813
5462,Au2Sn2,0.627925
5463,Mo4Zr2,7.4037
5464,Ba4Sb2,1.98574
5465,B4S12Tb4,2.98739
5466,Ga4Rh4Y4,1.45425
5467,B2Sn6Zr10,5.64874
5468,Mo6Sn2,9.10749
5469,Cu1Tb1,5.53727
5470,Mg1,10.7304
5471,Bi4O14Ru4,6.47422
5472,Be4Nb2,21.5439
5473,Bi1Rb3,0.347701
5474,Bi6La8,1.26647
5475,C1Pa1,30.8236
5476,Dy6Ni4,2.20245
5477,Ag2Co2O4,2.95475
5478,B8Ir4V8,9.9933
5479,Mg1O6Pt3,4.45721
5480,Er1Pd2Si2,5.27932
5481,Ru3Ti1,14.91
5482,Cd33Th3,0.384384
5483,Os8Sc4,2.03695
5484,Al6C6Y2,18.1961
5485,Al1F5K2,3.2006
5486,Al2C6V8,19.101
5487,Cu3Se4Ta1,3.91849
5488,B6Mg3Ni9,4.98024
5489,Re8Sc4,4.59076
5490,Cs2O4Y2,4.1819
5491,Pb1Se1,4.81341
5492,Fe1Ga12Ho4,1.97248
5493,Dy10Ni2Pb6,1.54724
5494,Bi2K6,0.45067
5495,Dy2O8V2,5.50685
5496,Ge6Rh7Sc4,4.35359
5497,Al12Mn2,6.58041
5498,Pt1Sb1Y1,6.17021
5499,Pt4Si4Zr4,6.98688
5500,Re1Ti2,19.3724
5501,Sb1Sc1,10.2594
5502,S1Sr1,9.4911
5503,H10La4,2.58759
5504,Br4Ca2,0.956454
5505,Ag1La1,2.3113
5506,B1N1,281.785
5507,Cr4Hg2Se8,0.962853
5508,As8Pa6,2.90416
5509,Br6Cs2Mg2,0.627088
5510,Ge4Nb4Pt4,2.48365
5511,Ni1Sb1Yb1,1.40019
5512,C8Re4Y8,6.85355
5513,Er1Pd2Sn1,1.98222
5514,Hf4N8,9.10177
5515,Co4N12,20.7248
5516,Au4Ga4Sr2,0.620202
5517,Ag4O12Sb4,2.47447
5518,Ag3Dy3Ge3,3.20393
5519,I6Rb2Sn1,0.250113
5520,Cu2F6K2,2.33043
5521,Ca16Hg36,0.0749358
5522,Se2Zn2,3.49511
5523,K1N1,1.26873
5524,Mg1Pd3,1.9332
5525,Ho10Ni4Sb2,0.971491
5526,Al1Ni2V1,6.06207
5527,Au2Si2Th1,2.0651
5528,Ga2Zr4,8.19702
5529,As4Cd2Si2,2.4051
5530,Nb6S8,6.30538
5531,Er12Rh4,0.827864
5532,Al2K2Te4,1.92813
5533,Au2In1U1,0.665201
5534,N3Os3,10.663
5535,Ce6S8,2.13326
5536,C1Pd1,5.43069
5537,Hf1Ir3,19.2074
5538,Ag6O8P2,1.07225
5539,Au2Ca2P2,3.09323
5540,Al6Pt10,1.77203
5541,Sb1Th1,4.81521
5542,Au2Ti2,4.32526
5543,C1W1,85.4191
5544,C2Re4,32.4936
5545,Ni4Sb4Zr4,3.41375
5546,Sr1Tl1,1.64671
5547,Ca6Ir8Sn26,0.457234
5548,Ge26Os8Tb6,1.7156
5549,Mg4O12Si4,12.9046
5550,N4Ru2,22.6549
5551,Mg5Pt10Si16,2.01208
5552,Cd3Nb1,4.22277
5553,Hf8Ni8Sn4,2.9298
5554,C2Os1,39.1391
5555,Ba2F8Mg2,2.31105
5556,Bi1Nd1Pd1,3.93051
5557,Cs1F1,0.566103
5558,Pd4Sc4Si4,3.48923
5559,Mg6Ni16Si7,3.3528
5560,Ge1O8Zr3,4.33192
5561,C1Tl1Y3,10.8887
5562,Li2Na1Sb1,3.77634
5563,Cu2In2O4,2.52247
5564,Sn2,2.78507
5565,Er6Ga2O12,3.74371
5566,O8Sn4,4.08945
5567,Bi1La1,5.31458
5568,Cd2Dy1,3.45044
5569,Hf2Mo4,7.9128
5570,Nb2P2,24.6762
5571,Ga2Ho1,8.73397
5572,La1P12Ru4,6.56452
5573,La16Mg4Ru4,1.04296
5574,Al1Re1,9.0019
5575,In2Sc6,5.45353
5576,Cd2P4Sn2,2.11472
5577,Er4O14Tc4,5.35573
